feature,WEEK_NUM,iv,iv_cv
STATIC_0__disbursedcredamount_1113A,0,0.034886263461623684,0.5162307333705273
STATIC_0__disbursedcredamount_1113A,1,0.027099618093802354,0.5162307333705273
STATIC_0__disbursedcredamount_1113A,2,0.017796113347710397,0.5162307333705273
STATIC_0__disbursedcredamount_1113A,3,0.05599159428044462,0.5162307333705273
STATIC_0__disbursedcredamount_1113A,4,0.016595798521758125,0.5162307333705273
STATIC_0__disbursedcredamount_1113A,5,0.028396632895068125,0.5162307333705273
STATIC_0__disbursedcredamount_1113A,6,0.040660893582740804,0.5162307333705273
STATIC_0__disbursedcredamount_1113A,7,0.03893174199951411,0.5162307333705273
STATIC_0__disbursedcredamount_1113A,8,0.010481679876006319,0.5162307333705273
STATIC_0__disbursedcredamount_1113A,9,0.042420781002103565,0.5162307333705273
STATIC_0__disbursedcredamount_1113A,10,0.01601841121798296,0.5162307333705273
STATIC_0__disbursedcredamount_1113A,11,0.04953428999805669,0.5162307333705273
STATIC_0__disbursedcredamount_1113A,12,0.03412619238880951,0.5162307333705273
STATIC_0__disbursedcredamount_1113A,13,0.031756108197528186,0.5162307333705273
STATIC_0__disbursedcredamount_1113A,14,0.03199437173983797,0.5162307333705273
STATIC_0__disbursedcredamount_1113A,15,0.01032338856373329,0.5162307333705273
STATIC_0__disbursedcredamount_1113A,16,0.010655700453993947,0.5162307333705273
STATIC_0__disbursedcredamount_1113A,17,0.01668806286642763,0.5162307333705273
STATIC_0__disbursedcredamount_1113A,18,0.013112897343277611,0.5162307333705273
STATIC_0__disbursedcredamount_1113A,19,0.004037473509750573,0.5162307333705273
STATIC_0__disbursedcredamount_1113A,20,0.031112544830417817,0.5162307333705273
STATIC_0__disbursedcredamount_1113A,21,0.008947765527929084,0.5162307333705273
STATIC_0__disbursedcredamount_1113A,22,0.04305134178184524,0.5162307333705273
STATIC_0__disbursedcredamount_1113A,23,0.028560412500769166,0.5162307333705273
STATIC_0__disbursedcredamount_1113A,24,0.03292726439772798,0.5162307333705273
STATIC_0__disbursedcredamount_1113A,25,0.01762384283267525,0.5162307333705273
STATIC_0__disbursedcredamount_1113A,26,0.0218654665829505,0.5162307333705273
STATIC_0__disbursedcredamount_1113A,27,0.03182327603378283,0.5162307333705273
STATIC_0__disbursedcredamount_1113A,28,0.040254230981393205,0.5162307333705273
STATIC_0__disbursedcredamount_1113A,29,0.053334749643203706,0.5162307333705273
STATIC_0__disbursedcredamount_1113A,30,0.03332236185248473,0.5162307333705273
STATIC_0__disbursedcredamount_1113A,31,0.04728639501698722,0.5162307333705273
STATIC_0__disbursedcredamount_1113A,32,0.05401182727126694,0.5162307333705273
STATIC_0__disbursedcredamount_1113A,33,0.029925529400319114,0.5162307333705273
STATIC_0__disbursedcredamount_1113A,34,0.03361051538592828,0.5162307333705273
STATIC_0__disbursedcredamount_1113A,35,0.03286474267265215,0.5162307333705273
STATIC_0__disbursedcredamount_1113A,36,0.014515742259165703,0.5162307333705273
STATIC_0__disbursedcredamount_1113A,37,0.012083434207788318,0.5162307333705273
STATIC_0__disbursedcredamount_1113A,38,0.014608299824087912,0.5162307333705273
STATIC_0__disbursedcredamount_1113A,39,0.03201077517549408,0.5162307333705273
STATIC_0__disbursedcredamount_1113A,40,0.053488163022279586,0.5162307333705273
STATIC_0__disbursedcredamount_1113A,41,0.036330930106523586,0.5162307333705273
STATIC_0__disbursedcredamount_1113A,42,0.00986201432257967,0.5162307333705273
STATIC_0__disbursedcredamount_1113A,43,0.04331914773531593,0.5162307333705273
STATIC_0__disbursedcredamount_1113A,44,0.04167432116919649,0.5162307333705273
STATIC_0__disbursedcredamount_1113A,45,0.05815429572328365,0.5162307333705273
STATIC_0__disbursedcredamount_1113A,46,0.04838391378692113,0.5162307333705273
STATIC_0__disbursedcredamount_1113A,47,0.07567692639623132,0.5162307333705273
STATIC_0__disbursedcredamount_1113A,48,0.06565630803227375,0.5162307333705273
STATIC_0__disbursedcredamount_1113A,49,0.048050270152157785,0.5162307333705273
STATIC_0__disbursedcredamount_1113A,50,0.062345416306936664,0.5162307333705273
STATIC_0__disbursedcredamount_1113A,51,0.055003196416372434,0.5162307333705273
STATIC_0__disbursedcredamount_1113A,52,0.04341778746134236,0.5162307333705273
STATIC_0__disbursedcredamount_1113A,53,0.07780588670972235,0.5162307333705273
STATIC_0__disbursedcredamount_1113A,54,0.07478718695519856,0.5162307333705273
CREDIT_BUREAU_A_2__ROW_COUNT,0,0.00605078423319453,0.4874652009533653
CREDIT_BUREAU_A_2__ROW_COUNT,1,0.03996351894827377,0.4874652009533653
CREDIT_BUREAU_A_2__ROW_COUNT,2,0.05759316651353814,0.4874652009533653
CREDIT_BUREAU_A_2__ROW_COUNT,3,0.025641938355490744,0.4874652009533653
CREDIT_BUREAU_A_2__ROW_COUNT,4,0.032048606546002355,0.4874652009533653
CREDIT_BUREAU_A_2__ROW_COUNT,5,0.0326969575916291,0.4874652009533653
CREDIT_BUREAU_A_2__ROW_COUNT,6,0.03708804806695695,0.4874652009533653
CREDIT_BUREAU_A_2__ROW_COUNT,7,0.04624442806924744,0.4874652009533653
CREDIT_BUREAU_A_2__ROW_COUNT,8,0.010178392269064133,0.4874652009533653
CREDIT_BUREAU_A_2__ROW_COUNT,9,0.029082821179638063,0.4874652009533653
CREDIT_BUREAU_A_2__ROW_COUNT,10,0.044512209140260564,0.4874652009533653
CREDIT_BUREAU_A_2__ROW_COUNT,11,0.042939092585412196,0.4874652009533653
CREDIT_BUREAU_A_2__ROW_COUNT,12,0.027181783744977976,0.4874652009533653
CREDIT_BUREAU_A_2__ROW_COUNT,13,0.027297908426913105,0.4874652009533653
CREDIT_BUREAU_A_2__ROW_COUNT,14,0.07315900366479561,0.4874652009533653
CREDIT_BUREAU_A_2__ROW_COUNT,15,0.005373376657462172,0.4874652009533653
CREDIT_BUREAU_A_2__ROW_COUNT,16,0.021165768248120616,0.4874652009533653
CREDIT_BUREAU_A_2__ROW_COUNT,17,0.03254994079184399,0.4874652009533653
CREDIT_BUREAU_A_2__ROW_COUNT,18,0.020763690174720042,0.4874652009533653
CREDIT_BUREAU_A_2__ROW_COUNT,19,0.03229413272313883,0.4874652009533653
CREDIT_BUREAU_A_2__ROW_COUNT,20,0.014630096756157198,0.4874652009533653
CREDIT_BUREAU_A_2__ROW_COUNT,21,0.04487226219381688,0.4874652009533653
CREDIT_BUREAU_A_2__ROW_COUNT,22,0.03858714239345815,0.4874652009533653
CREDIT_BUREAU_A_2__ROW_COUNT,23,0.050843430360473355,0.4874652009533653
CREDIT_BUREAU_A_2__ROW_COUNT,24,0.0659435667915866,0.4874652009533653
CREDIT_BUREAU_A_2__ROW_COUNT,25,0.06696452904576981,0.4874652009533653
CREDIT_BUREAU_A_2__ROW_COUNT,26,0.0518479524260607,0.4874652009533653
CREDIT_BUREAU_A_2__ROW_COUNT,27,0.0725411001660815,0.4874652009533653
CREDIT_BUREAU_A_2__ROW_COUNT,28,0.054453718074393816,0.4874652009533653
CREDIT_BUREAU_A_2__ROW_COUNT,29,0.05334865232804541,0.4874652009533653
CREDIT_BUREAU_A_2__ROW_COUNT,30,0.0729955883294594,0.4874652009533653
CREDIT_BUREAU_A_2__ROW_COUNT,31,0.08855837136233483,0.4874652009533653
CREDIT_BUREAU_A_2__ROW_COUNT,32,0.06606950514469882,0.4874652009533653
CREDIT_BUREAU_A_2__ROW_COUNT,33,0.11344572342311787,0.4874652009533653
CREDIT_BUREAU_A_2__ROW_COUNT,34,0.12987673979459854,0.4874652009533653
CREDIT_BUREAU_A_2__ROW_COUNT,35,0.08375940582567581,0.4874652009533653
CREDIT_BUREAU_A_2__ROW_COUNT,36,0.06934740049718893,0.4874652009533653
CREDIT_BUREAU_A_2__ROW_COUNT,37,0.07249007929822504,0.4874652009533653
CREDIT_BUREAU_A_2__ROW_COUNT,38,0.07508794351544765,0.4874652009533653
CREDIT_BUREAU_A_2__ROW_COUNT,39,0.05510314554477289,0.4874652009533653
CREDIT_BUREAU_A_2__ROW_COUNT,40,0.07187060792268708,0.4874652009533653
CREDIT_BUREAU_A_2__ROW_COUNT,41,0.075427435498906,0.4874652009533653
CREDIT_BUREAU_A_2__ROW_COUNT,42,0.0658299099908001,0.4874652009533653
CREDIT_BUREAU_A_2__ROW_COUNT,43,0.044270262411283415,0.4874652009533653
CREDIT_BUREAU_A_2__ROW_COUNT,44,0.03973782724265695,0.4874652009533653
CREDIT_BUREAU_A_2__ROW_COUNT,45,0.0563669943546056,0.4874652009533653
CREDIT_BUREAU_A_2__ROW_COUNT,46,0.09232721095778772,0.4874652009533653
CREDIT_BUREAU_A_2__ROW_COUNT,47,0.03354581954455663,0.4874652009533653
CREDIT_BUREAU_A_2__ROW_COUNT,48,0.05908874946824224,0.4874652009533653
CREDIT_BUREAU_A_2__ROW_COUNT,49,0.06429846023222864,0.4874652009533653
CREDIT_BUREAU_A_2__ROW_COUNT,50,0.0749844657888308,0.4874652009533653
CREDIT_BUREAU_A_2__ROW_COUNT,51,0.04295382054398441,0.4874652009533653
CREDIT_BUREAU_A_2__ROW_COUNT,52,0.04353430404327345,0.4874652009533653
CREDIT_BUREAU_A_2__ROW_COUNT,53,0.027401896553823746,0.4874652009533653
CREDIT_BUREAU_A_2__ROW_COUNT,54,0.04445823988716944,0.4874652009533653
CREDIT_BUREAU_A_2__pmts_dpd_303P__MEAN,0,0.0,0.7618306290545118
CREDIT_BUREAU_A_2__pmts_dpd_303P__MEAN,1,0.0,0.7618306290545118
CREDIT_BUREAU_A_2__pmts_dpd_303P__MEAN,2,0.0,0.7618306290545118
CREDIT_BUREAU_A_2__pmts_dpd_303P__MEAN,3,0.0,0.7618306290545118
CREDIT_BUREAU_A_2__pmts_dpd_303P__MEAN,4,0.0,0.7618306290545118
CREDIT_BUREAU_A_2__pmts_dpd_303P__MEAN,5,0.0,0.7618306290545118
CREDIT_BUREAU_A_2__pmts_dpd_303P__MEAN,6,0.0,0.7618306290545118
CREDIT_BUREAU_A_2__pmts_dpd_303P__MEAN,7,0.0,0.7618306290545118
CREDIT_BUREAU_A_2__pmts_dpd_303P__MEAN,8,0.0,0.7618306290545118
CREDIT_BUREAU_A_2__pmts_dpd_303P__MEAN,9,0.04818023820438344,0.7618306290545118
CREDIT_BUREAU_A_2__pmts_dpd_303P__MEAN,10,0.2539021650929334,0.7618306290545118
CREDIT_BUREAU_A_2__pmts_dpd_303P__MEAN,11,0.14055452917896757,0.7618306290545118
CREDIT_BUREAU_A_2__pmts_dpd_303P__MEAN,12,0.005766286666430829,0.7618306290545118
CREDIT_BUREAU_A_2__pmts_dpd_303P__MEAN,13,0.0,0.7618306290545118
CREDIT_BUREAU_A_2__pmts_dpd_303P__MEAN,14,0.0,0.7618306290545118
CREDIT_BUREAU_A_2__pmts_dpd_303P__MEAN,15,0.0,0.7618306290545118
CREDIT_BUREAU_A_2__pmts_dpd_303P__MEAN,16,0.0,0.7618306290545118
CREDIT_BUREAU_A_2__pmts_dpd_303P__MEAN,17,0.0,0.7618306290545118
CREDIT_BUREAU_A_2__pmts_dpd_303P__MEAN,18,0.0,0.7618306290545118
CREDIT_BUREAU_A_2__pmts_dpd_303P__MEAN,19,0.0,0.7618306290545118
CREDIT_BUREAU_A_2__pmts_dpd_303P__MEAN,20,0.0,0.7618306290545118
CREDIT_BUREAU_A_2__pmts_dpd_303P__MEAN,21,0.22114006457922636,0.7618306290545118
CREDIT_BUREAU_A_2__pmts_dpd_303P__MEAN,22,0.5008049685618028,0.7618306290545118
CREDIT_BUREAU_A_2__pmts_dpd_303P__MEAN,23,0.4507975079088964,0.7618306290545118
CREDIT_BUREAU_A_2__pmts_dpd_303P__MEAN,24,0.3471800055248235,0.7618306290545118
CREDIT_BUREAU_A_2__pmts_dpd_303P__MEAN,25,0.3627712433028049,0.7618306290545118
CREDIT_BUREAU_A_2__pmts_dpd_303P__MEAN,26,0.5137194650204001,0.7618306290545118
CREDIT_BUREAU_A_2__pmts_dpd_303P__MEAN,27,0.3884960752249787,0.7618306290545118
CREDIT_BUREAU_A_2__pmts_dpd_303P__MEAN,28,0.30950032185603016,0.7618306290545118
CREDIT_BUREAU_A_2__pmts_dpd_303P__MEAN,29,0.5108248874671676,0.7618306290545118
CREDIT_BUREAU_A_2__pmts_dpd_303P__MEAN,30,0.4274743318791387,0.7618306290545118
CREDIT_BUREAU_A_2__pmts_dpd_303P__MEAN,31,0.4908694131842517,0.7618306290545118
CREDIT_BUREAU_A_2__pmts_dpd_303P__MEAN,32,0.45537055722923314,0.7618306290545118
CREDIT_BUREAU_A_2__pmts_dpd_303P__MEAN,33,0.34346116209205746,0.7618306290545118
CREDIT_BUREAU_A_2__pmts_dpd_303P__MEAN,34,0.41292518887289525,0.7618306290545118
CREDIT_BUREAU_A_2__pmts_dpd_303P__MEAN,35,0.4513662895279356,0.7618306290545118
CREDIT_BUREAU_A_2__pmts_dpd_303P__MEAN,36,0.38662299769355496,0.7618306290545118
CREDIT_BUREAU_A_2__pmts_dpd_303P__MEAN,37,0.40236185819863896,0.7618306290545118
CREDIT_BUREAU_A_2__pmts_dpd_303P__MEAN,38,0.3806487359918783,0.7618306290545118
CREDIT_BUREAU_A_2__pmts_dpd_303P__MEAN,39,0.4224629304470042,0.7618306290545118
CREDIT_BUREAU_A_2__pmts_dpd_303P__MEAN,40,0.4042698026203644,0.7618306290545118
CREDIT_BUREAU_A_2__pmts_dpd_303P__MEAN,41,0.4374422068140391,0.7618306290545118
CREDIT_BUREAU_A_2__pmts_dpd_303P__MEAN,42,0.43639643345608764,0.7618306290545118
CREDIT_BUREAU_A_2__pmts_dpd_303P__MEAN,43,0.4122943382269598,0.7618306290545118
CREDIT_BUREAU_A_2__pmts_dpd_303P__MEAN,44,0.4081939762208387,0.7618306290545118
CREDIT_BUREAU_A_2__pmts_dpd_303P__MEAN,45,0.3130216050311152,0.7618306290545118
CREDIT_BUREAU_A_2__pmts_dpd_303P__MEAN,46,0.30857351130174066,0.7618306290545118
CREDIT_BUREAU_A_2__pmts_dpd_303P__MEAN,47,0.43754682537432815,0.7618306290545118
CREDIT_BUREAU_A_2__pmts_dpd_303P__MEAN,48,0.3136166464702656,0.7618306290545118
CREDIT_BUREAU_A_2__pmts_dpd_303P__MEAN,49,0.43551129846844594,0.7618306290545118
CREDIT_BUREAU_A_2__pmts_dpd_303P__MEAN,50,0.3081514628061055,0.7618306290545118
CREDIT_BUREAU_A_2__pmts_dpd_303P__MEAN,51,0.40802020198268213,0.7618306290545118
CREDIT_BUREAU_A_2__pmts_dpd_303P__MEAN,52,0.3420371795712913,0.7618306290545118
CREDIT_BUREAU_A_2__pmts_dpd_303P__MEAN,53,0.4345420203295454,0.7618306290545118
CREDIT_BUREAU_A_2__pmts_dpd_303P__MEAN,54,0.37920359099298356,0.7618306290545118
STATIC_0__credamount_770A,0,0.031394289542485875,0.6102080054268902
STATIC_0__credamount_770A,1,0.02741443747669315,0.6102080054268902
STATIC_0__credamount_770A,2,0.021794366233479707,0.6102080054268902
STATIC_0__credamount_770A,3,0.014034827437397033,0.6102080054268902
STATIC_0__credamount_770A,4,0.008956537683973262,0.6102080054268902
STATIC_0__credamount_770A,5,0.025283709203034126,0.6102080054268902
STATIC_0__credamount_770A,6,0.005487698387956342,0.6102080054268902
STATIC_0__credamount_770A,7,0.02006018181145865,0.6102080054268902
STATIC_0__credamount_770A,8,0.005339625018631966,0.6102080054268902
STATIC_0__credamount_770A,9,0.032101510798184955,0.6102080054268902
STATIC_0__credamount_770A,10,0.0060429508764760975,0.6102080054268902
STATIC_0__credamount_770A,11,0.008005493734267476,0.6102080054268902
STATIC_0__credamount_770A,12,0.027519019977960323,0.6102080054268902
STATIC_0__credamount_770A,13,0.021520493152068793,0.6102080054268902
STATIC_0__credamount_770A,14,0.019255059197859404,0.6102080054268902
STATIC_0__credamount_770A,15,0.0031821012056925083,0.6102080054268902
STATIC_0__credamount_770A,16,0.004198150585699853,0.6102080054268902
STATIC_0__credamount_770A,17,0.0025715494377214266,0.6102080054268902
STATIC_0__credamount_770A,18,0.01646906626842274,0.6102080054268902
STATIC_0__credamount_770A,19,0.006705522465734969,0.6102080054268902
STATIC_0__credamount_770A,20,0.029139908798984565,0.6102080054268902
STATIC_0__credamount_770A,21,0.005779307139568276,0.6102080054268902
STATIC_0__credamount_770A,22,0.037533005738023956,0.6102080054268902
STATIC_0__credamount_770A,23,0.013298064610103555,0.6102080054268902
STATIC_0__credamount_770A,24,0.023808362075274488,0.6102080054268902
STATIC_0__credamount_770A,25,0.009462883893786094,0.6102080054268902
STATIC_0__credamount_770A,26,0.009862935754404903,0.6102080054268902
STATIC_0__credamount_770A,27,0.02387881076391761,0.6102080054268902
STATIC_0__credamount_770A,28,0.027231450594043007,0.6102080054268902
STATIC_0__credamount_770A,29,0.041576620861332236,0.6102080054268902
STATIC_0__credamount_770A,30,0.013299907617928248,0.6102080054268902
STATIC_0__credamount_770A,31,0.03365629105810773,0.6102080054268902
STATIC_0__credamount_770A,32,0.04411203445475681,0.6102080054268902
STATIC_0__credamount_770A,33,0.029923714417672703,0.6102080054268902
STATIC_0__credamount_770A,34,0.028689217351119848,0.6102080054268902
STATIC_0__credamount_770A,35,0.03275173216704397,0.6102080054268902
STATIC_0__credamount_770A,36,0.012608466855847983,0.6102080054268902
STATIC_0__credamount_770A,37,0.016671256291683027,0.6102080054268902
STATIC_0__credamount_770A,38,0.012192315820368673,0.6102080054268902
STATIC_0__credamount_770A,39,0.032473535531774414,0.6102080054268902
STATIC_0__credamount_770A,40,0.0397311509418023,0.6102080054268902
STATIC_0__credamount_770A,41,0.02603643345590545,0.6102080054268902
STATIC_0__credamount_770A,42,0.0037112264367188323,0.6102080054268902
STATIC_0__credamount_770A,43,0.03207642033731928,0.6102080054268902
STATIC_0__credamount_770A,44,0.0354053141636126,0.6102080054268902
STATIC_0__credamount_770A,45,0.05434077133257114,0.6102080054268902
STATIC_0__credamount_770A,46,0.0325523504168231,0.6102080054268902
STATIC_0__credamount_770A,47,0.05693639912019875,0.6102080054268902
STATIC_0__credamount_770A,48,0.044153352972825785,0.6102080054268902
STATIC_0__credamount_770A,49,0.05007285212915295,0.6102080054268902
STATIC_0__credamount_770A,50,0.05431154801454271,0.6102080054268902
STATIC_0__credamount_770A,51,0.05055578467987353,0.6102080054268902
STATIC_0__credamount_770A,52,0.0402823955356303,0.6102080054268902
STATIC_0__credamount_770A,53,0.05913968422725989,0.6102080054268902
STATIC_0__credamount_770A,54,0.047373419221935706,0.6102080054268902
APPLPREV_1__creationdate_885D__MIN_GAP,0,0.11396217036341279,0.4109818302481733
APPLPREV_1__creationdate_885D__MIN_GAP,1,0.06023884638884201,0.4109818302481733
APPLPREV_1__creationdate_885D__MIN_GAP,2,0.0637602390997783,0.4109818302481733
APPLPREV_1__creationdate_885D__MIN_GAP,3,0.03327659572592875,0.4109818302481733
APPLPREV_1__creationdate_885D__MIN_GAP,4,0.018860376393668974,0.4109818302481733
APPLPREV_1__creationdate_885D__MIN_GAP,5,0.027147780265581255,0.4109818302481733
APPLPREV_1__creationdate_885D__MIN_GAP,6,0.08131067918504281,0.4109818302481733
APPLPREV_1__creationdate_885D__MIN_GAP,7,0.04285469123591193,0.4109818302481733
APPLPREV_1__creationdate_885D__MIN_GAP,8,0.03273907191662164,0.4109818302481733
APPLPREV_1__creationdate_885D__MIN_GAP,9,0.023874500098455636,0.4109818302481733
APPLPREV_1__creationdate_885D__MIN_GAP,10,0.051398542863264826,0.4109818302481733
APPLPREV_1__creationdate_885D__MIN_GAP,11,0.10107099407968186,0.4109818302481733
APPLPREV_1__creationdate_885D__MIN_GAP,12,0.041496813067800155,0.4109818302481733
APPLPREV_1__creationdate_885D__MIN_GAP,13,0.06655720523516687,0.4109818302481733
APPLPREV_1__creationdate_885D__MIN_GAP,14,0.07113501689480921,0.4109818302481733
APPLPREV_1__creationdate_885D__MIN_GAP,15,0.06899001366746586,0.4109818302481733
APPLPREV_1__creationdate_885D__MIN_GAP,16,0.055139502225161674,0.4109818302481733
APPLPREV_1__creationdate_885D__MIN_GAP,17,0.0912179193347453,0.4109818302481733
APPLPREV_1__creationdate_885D__MIN_GAP,18,0.08838122010367758,0.4109818302481733
APPLPREV_1__creationdate_885D__MIN_GAP,19,0.07195548851446575,0.4109818302481733
APPLPREV_1__creationdate_885D__MIN_GAP,20,0.0651494808287881,0.4109818302481733
APPLPREV_1__creationdate_885D__MIN_GAP,21,0.06994680367419688,0.4109818302481733
APPLPREV_1__creationdate_885D__MIN_GAP,22,0.09354903991946555,0.4109818302481733
APPLPREV_1__creationdate_885D__MIN_GAP,23,0.12908685633611455,0.4109818302481733
APPLPREV_1__creationdate_885D__MIN_GAP,24,0.08756001823855686,0.4109818302481733
APPLPREV_1__creationdate_885D__MIN_GAP,25,0.07361618241306295,0.4109818302481733
APPLPREV_1__creationdate_885D__MIN_GAP,26,0.0996262809127231,0.4109818302481733
APPLPREV_1__creationdate_885D__MIN_GAP,27,0.12828149339831146,0.4109818302481733
APPLPREV_1__creationdate_885D__MIN_GAP,28,0.1276180754136118,0.4109818302481733
APPLPREV_1__creationdate_885D__MIN_GAP,29,0.0938780799325537,0.4109818302481733
APPLPREV_1__creationdate_885D__MIN_GAP,30,0.08433315933682017,0.4109818302481733
APPLPREV_1__creationdate_885D__MIN_GAP,31,0.0919350093153913,0.4109818302481733
APPLPREV_1__creationdate_885D__MIN_GAP,32,0.14251440022380318,0.4109818302481733
APPLPREV_1__creationdate_885D__MIN_GAP,33,0.0966089986731974,0.4109818302481733
APPLPREV_1__creationdate_885D__MIN_GAP,34,0.044914490024200324,0.4109818302481733
APPLPREV_1__creationdate_885D__MIN_GAP,35,0.030271468022713622,0.4109818302481733
APPLPREV_1__creationdate_885D__MIN_GAP,36,0.0590183766325862,0.4109818302481733
APPLPREV_1__creationdate_885D__MIN_GAP,37,0.08829435640952969,0.4109818302481733
APPLPREV_1__creationdate_885D__MIN_GAP,38,0.10320235337078969,0.4109818302481733
APPLPREV_1__creationdate_885D__MIN_GAP,39,0.08938979044434116,0.4109818302481733
APPLPREV_1__creationdate_885D__MIN_GAP,40,0.08124784797715744,0.4109818302481733
APPLPREV_1__creationdate_885D__MIN_GAP,41,0.06063088442553963,0.4109818302481733
APPLPREV_1__creationdate_885D__MIN_GAP,42,0.07632925982585904,0.4109818302481733
APPLPREV_1__creationdate_885D__MIN_GAP,43,0.10574683503042973,0.4109818302481733
APPLPREV_1__creationdate_885D__MIN_GAP,44,0.08970224643491279,0.4109818302481733
APPLPREV_1__creationdate_885D__MIN_GAP,45,0.11023606567290781,0.4109818302481733
APPLPREV_1__creationdate_885D__MIN_GAP,46,0.09061794700771868,0.4109818302481733
APPLPREV_1__creationdate_885D__MIN_GAP,47,0.1802861449494337,0.4109818302481733
APPLPREV_1__creationdate_885D__MIN_GAP,48,0.046901107888866894,0.4109818302481733
APPLPREV_1__creationdate_885D__MIN_GAP,49,0.1075507658393679,0.4109818302481733
APPLPREV_1__creationdate_885D__MIN_GAP,50,0.07932955405120046,0.4109818302481733
APPLPREV_1__creationdate_885D__MIN_GAP,51,0.08832532273345309,0.4109818302481733
APPLPREV_1__creationdate_885D__MIN_GAP,52,0.09028109370420348,0.4109818302481733
APPLPREV_1__creationdate_885D__MIN_GAP,53,0.1725656723417457,0.4109818302481733
APPLPREV_1__creationdate_885D__MIN_GAP,54,0.09471063734080422,0.4109818302481733
STATIC_0__annuity_780A,0,0.011092011360754604,0.7615067855721935
STATIC_0__annuity_780A,1,0.031321769995838425,0.7615067855721935
STATIC_0__annuity_780A,2,0.0013194131647372522,0.7615067855721935
STATIC_0__annuity_780A,3,0.0046543626167188075,0.7615067855721935
STATIC_0__annuity_780A,4,0.010640009587257448,0.7615067855721935
STATIC_0__annuity_780A,5,0.0016330377672255818,0.7615067855721935
STATIC_0__annuity_780A,6,0.010812062690177015,0.7615067855721935
STATIC_0__annuity_780A,7,0.01744117355120611,0.7615067855721935
STATIC_0__annuity_780A,8,0.0008996348459993612,0.7615067855721935
STATIC_0__annuity_780A,9,0.00936348457846101,0.7615067855721935
STATIC_0__annuity_780A,10,0.008270694211694072,0.7615067855721935
STATIC_0__annuity_780A,11,0.004934856688192237,0.7615067855721935
STATIC_0__annuity_780A,12,0.01794662060631947,0.7615067855721935
STATIC_0__annuity_780A,13,0.01615337230273535,0.7615067855721935
STATIC_0__annuity_780A,14,0.024742994928520494,0.7615067855721935
STATIC_0__annuity_780A,15,0.011803052054785424,0.7615067855721935
STATIC_0__annuity_780A,16,0.019687234549602813,0.7615067855721935
STATIC_0__annuity_780A,17,0.0015836587570757007,0.7615067855721935
STATIC_0__annuity_780A,18,0.01610244393134998,0.7615067855721935
STATIC_0__annuity_780A,19,0.02770497742538804,0.7615067855721935
STATIC_0__annuity_780A,20,0.0056215956039811785,0.7615067855721935
STATIC_0__annuity_780A,21,0.003522455468227034,0.7615067855721935
STATIC_0__annuity_780A,22,0.013958569454652067,0.7615067855721935
STATIC_0__annuity_780A,23,0.021228801871273986,0.7615067855721935
STATIC_0__annuity_780A,24,0.008297756605564656,0.7615067855721935
STATIC_0__annuity_780A,25,0.005476208707130523,0.7615067855721935
STATIC_0__annuity_780A,26,0.0028254749714514337,0.7615067855721935
STATIC_0__annuity_780A,27,0.00285106113460748,0.7615067855721935
STATIC_0__annuity_780A,28,0.005277553391297997,0.7615067855721935
STATIC_0__annuity_780A,29,0.036555464769714344,0.7615067855721935
STATIC_0__annuity_780A,30,0.0034278828468137105,0.7615067855721935
STATIC_0__annuity_780A,31,0.009017185888772568,0.7615067855721935
STATIC_0__annuity_780A,32,0.009404572541838636,0.7615067855721935
STATIC_0__annuity_780A,33,0.017822860662267424,0.7615067855721935
STATIC_0__annuity_780A,34,0.017638113100907623,0.7615067855721935
STATIC_0__annuity_780A,35,0.013028059221863633,0.7615067855721935
STATIC_0__annuity_780A,36,0.009457430515912489,0.7615067855721935
STATIC_0__annuity_780A,37,0.010248228337544348,0.7615067855721935
STATIC_0__annuity_780A,38,0.0028106300753906145,0.7615067855721935
STATIC_0__annuity_780A,39,0.016093848778167823,0.7615067855721935
STATIC_0__annuity_780A,40,0.01408897702300083,0.7615067855721935
STATIC_0__annuity_780A,41,0.0020313626592197245,0.7615067855721935
STATIC_0__annuity_780A,42,0.007463310058947879,0.7615067855721935
STATIC_0__annuity_780A,43,0.014808226310050566,0.7615067855721935
STATIC_0__annuity_780A,44,0.007765310581053189,0.7615067855721935
STATIC_0__annuity_780A,45,0.04164527981688447,0.7615067855721935
STATIC_0__annuity_780A,46,0.008710223846084726,0.7615067855721935
STATIC_0__annuity_780A,47,0.03716199061404332,0.7615067855721935
STATIC_0__annuity_780A,48,0.03642118747398896,0.7615067855721935
STATIC_0__annuity_780A,49,0.03291682285468901,0.7615067855721935
STATIC_0__annuity_780A,50,0.024445630480561586,0.7615067855721935
STATIC_0__annuity_780A,51,0.03470667669481793,0.7615067855721935
STATIC_0__annuity_780A,52,0.02124481665849396,0.7615067855721935
STATIC_0__annuity_780A,53,0.03909679342191721,0.7615067855721935
STATIC_0__annuity_780A,54,0.033600450252972,0.7615067855721935
APPLPREV_1__creationdate_885D__MAX_GAP,0,0.072125450041061,0.42693195295919395
APPLPREV_1__creationdate_885D__MAX_GAP,1,0.04849083824853951,0.42693195295919395
APPLPREV_1__creationdate_885D__MAX_GAP,2,0.05188397990024278,0.42693195295919395
APPLPREV_1__creationdate_885D__MAX_GAP,3,0.03187751672330216,0.42693195295919395
APPLPREV_1__creationdate_885D__MAX_GAP,4,0.044856029684449635,0.42693195295919395
APPLPREV_1__creationdate_885D__MAX_GAP,5,0.04656968411518525,0.42693195295919395
APPLPREV_1__creationdate_885D__MAX_GAP,6,0.01087631515091198,0.42693195295919395
APPLPREV_1__creationdate_885D__MAX_GAP,7,0.0350024558561481,0.42693195295919395
APPLPREV_1__creationdate_885D__MAX_GAP,8,0.025029062649993557,0.42693195295919395
APPLPREV_1__creationdate_885D__MAX_GAP,9,0.02805091600458182,0.42693195295919395
APPLPREV_1__creationdate_885D__MAX_GAP,10,0.034936293877660715,0.42693195295919395
APPLPREV_1__creationdate_885D__MAX_GAP,11,0.09125798506936851,0.42693195295919395
APPLPREV_1__creationdate_885D__MAX_GAP,12,0.01587941572250132,0.42693195295919395
APPLPREV_1__creationdate_885D__MAX_GAP,13,0.03219279638485872,0.42693195295919395
APPLPREV_1__creationdate_885D__MAX_GAP,14,0.04279758747289774,0.42693195295919395
APPLPREV_1__creationdate_885D__MAX_GAP,15,0.043089776370672135,0.42693195295919395
APPLPREV_1__creationdate_885D__MAX_GAP,16,0.06030984177466728,0.42693195295919395
APPLPREV_1__creationdate_885D__MAX_GAP,17,0.05559568328520127,0.42693195295919395
APPLPREV_1__creationdate_885D__MAX_GAP,18,0.06089931300975703,0.42693195295919395
APPLPREV_1__creationdate_885D__MAX_GAP,19,0.03412203139104103,0.42693195295919395
APPLPREV_1__creationdate_885D__MAX_GAP,20,0.031607173811623264,0.42693195295919395
APPLPREV_1__creationdate_885D__MAX_GAP,21,0.034983176167613726,0.42693195295919395
APPLPREV_1__creationdate_885D__MAX_GAP,22,0.06416545448996538,0.42693195295919395
APPLPREV_1__creationdate_885D__MAX_GAP,23,0.06692359001844195,0.42693195295919395
APPLPREV_1__creationdate_885D__MAX_GAP,24,0.04560944372558638,0.42693195295919395
APPLPREV_1__creationdate_885D__MAX_GAP,25,0.025264534262926158,0.42693195295919395
APPLPREV_1__creationdate_885D__MAX_GAP,26,0.04554282661124075,0.42693195295919395
APPLPREV_1__creationdate_885D__MAX_GAP,27,0.04134736729403896,0.42693195295919395
APPLPREV_1__creationdate_885D__MAX_GAP,28,0.09640606362842212,0.42693195295919395
APPLPREV_1__creationdate_885D__MAX_GAP,29,0.04930296499053572,0.42693195295919395
APPLPREV_1__creationdate_885D__MAX_GAP,30,0.03868195326584781,0.42693195295919395
APPLPREV_1__creationdate_885D__MAX_GAP,31,0.034466146100113094,0.42693195295919395
APPLPREV_1__creationdate_885D__MAX_GAP,32,0.07969708915398718,0.42693195295919395
APPLPREV_1__creationdate_885D__MAX_GAP,33,0.0342221654062458,0.42693195295919395
APPLPREV_1__creationdate_885D__MAX_GAP,34,0.03326980310714933,0.42693195295919395
APPLPREV_1__creationdate_885D__MAX_GAP,35,0.02374917796530053,0.42693195295919395
APPLPREV_1__creationdate_885D__MAX_GAP,36,0.04800829787703561,0.42693195295919395
APPLPREV_1__creationdate_885D__MAX_GAP,37,0.06613631167465508,0.42693195295919395
APPLPREV_1__creationdate_885D__MAX_GAP,38,0.054398516431732005,0.42693195295919395
APPLPREV_1__creationdate_885D__MAX_GAP,39,0.06034280321822445,0.42693195295919395
APPLPREV_1__creationdate_885D__MAX_GAP,40,0.04865800257455226,0.42693195295919395
APPLPREV_1__creationdate_885D__MAX_GAP,41,0.036263096300030565,0.42693195295919395
APPLPREV_1__creationdate_885D__MAX_GAP,42,0.06188723636966076,0.42693195295919395
APPLPREV_1__creationdate_885D__MAX_GAP,43,0.04849602932231775,0.42693195295919395
APPLPREV_1__creationdate_885D__MAX_GAP,44,0.038012769330834556,0.42693195295919395
APPLPREV_1__creationdate_885D__MAX_GAP,45,0.08005851644956974,0.42693195295919395
APPLPREV_1__creationdate_885D__MAX_GAP,46,0.08074666583401269,0.42693195295919395
APPLPREV_1__creationdate_885D__MAX_GAP,47,0.10143052545347386,0.42693195295919395
APPLPREV_1__creationdate_885D__MAX_GAP,48,0.031502567781508756,0.42693195295919395
APPLPREV_1__creationdate_885D__MAX_GAP,49,0.05317124228511248,0.42693195295919395
APPLPREV_1__creationdate_885D__MAX_GAP,50,0.04375360639670921,0.42693195295919395
APPLPREV_1__creationdate_885D__MAX_GAP,51,0.04226606585946788,0.42693195295919395
APPLPREV_1__creationdate_885D__MAX_GAP,52,0.04981779018413238,0.42693195295919395
APPLPREV_1__creationdate_885D__MAX_GAP,53,0.11829068325013235,0.42693195295919395
APPLPREV_1__creationdate_885D__MAX_GAP,54,0.0668824543822042,0.42693195295919395
STATIC_0__avgdpdtolclosure24_3658938P,0,0.3379528195134994,0.15652169407755792
STATIC_0__avgdpdtolclosure24_3658938P,1,0.2844281641614434,0.15652169407755792
STATIC_0__avgdpdtolclosure24_3658938P,2,0.29953168404606884,0.15652169407755792
STATIC_0__avgdpdtolclosure24_3658938P,3,0.24975759246009718,0.15652169407755792
STATIC_0__avgdpdtolclosure24_3658938P,4,0.19157885557537616,0.15652169407755792
STATIC_0__avgdpdtolclosure24_3658938P,5,0.21655503020956937,0.15652169407755792
STATIC_0__avgdpdtolclosure24_3658938P,6,0.23326058929163318,0.15652169407755792
STATIC_0__avgdpdtolclosure24_3658938P,7,0.29522107662123076,0.15652169407755792
STATIC_0__avgdpdtolclosure24_3658938P,8,0.2707458452660657,0.15652169407755792
STATIC_0__avgdpdtolclosure24_3658938P,9,0.2935104339736406,0.15652169407755792
STATIC_0__avgdpdtolclosure24_3658938P,10,0.290687020063707,0.15652169407755792
STATIC_0__avgdpdtolclosure24_3658938P,11,0.3358286470142304,0.15652169407755792
STATIC_0__avgdpdtolclosure24_3658938P,12,0.27495056574409854,0.15652169407755792
STATIC_0__avgdpdtolclosure24_3658938P,13,0.3357559782204251,0.15652169407755792
STATIC_0__avgdpdtolclosure24_3658938P,14,0.24775435062362378,0.15652169407755792
STATIC_0__avgdpdtolclosure24_3658938P,15,0.299874327258071,0.15652169407755792
STATIC_0__avgdpdtolclosure24_3658938P,16,0.2746075545295102,0.15652169407755792
STATIC_0__avgdpdtolclosure24_3658938P,17,0.3504527345026187,0.15652169407755792
STATIC_0__avgdpdtolclosure24_3658938P,18,0.28494826699558135,0.15652169407755792
STATIC_0__avgdpdtolclosure24_3658938P,19,0.39177106246511656,0.15652169407755792
STATIC_0__avgdpdtolclosure24_3658938P,20,0.27150615732327893,0.15652169407755792
STATIC_0__avgdpdtolclosure24_3658938P,21,0.32514241825389356,0.15652169407755792
STATIC_0__avgdpdtolclosure24_3658938P,22,0.3200086520371122,0.15652169407755792
STATIC_0__avgdpdtolclosure24_3658938P,23,0.2971794430075689,0.15652169407755792
STATIC_0__avgdpdtolclosure24_3658938P,24,0.3260764629112075,0.15652169407755792
STATIC_0__avgdpdtolclosure24_3658938P,25,0.31614259469480555,0.15652169407755792
STATIC_0__avgdpdtolclosure24_3658938P,26,0.4040938584307061,0.15652169407755792
STATIC_0__avgdpdtolclosure24_3658938P,27,0.26670485223517254,0.15652169407755792
STATIC_0__avgdpdtolclosure24_3658938P,28,0.36693973670631336,0.15652169407755792
STATIC_0__avgdpdtolclosure24_3658938P,29,0.423669772484648,0.15652169407755792
STATIC_0__avgdpdtolclosure24_3658938P,30,0.3000267292425199,0.15652169407755792
STATIC_0__avgdpdtolclosure24_3658938P,31,0.29088277618321473,0.15652169407755792
STATIC_0__avgdpdtolclosure24_3658938P,32,0.33422800677943865,0.15652169407755792
STATIC_0__avgdpdtolclosure24_3658938P,33,0.3415247692747208,0.15652169407755792
STATIC_0__avgdpdtolclosure24_3658938P,34,0.2817087169055458,0.15652169407755792
STATIC_0__avgdpdtolclosure24_3658938P,35,0.4489461308660503,0.15652169407755792
STATIC_0__avgdpdtolclosure24_3658938P,36,0.37925218796344773,0.15652169407755792
STATIC_0__avgdpdtolclosure24_3658938P,37,0.30465544092063374,0.15652169407755792
STATIC_0__avgdpdtolclosure24_3658938P,38,0.30221146889752504,0.15652169407755792
STATIC_0__avgdpdtolclosure24_3658938P,39,0.31069046552451157,0.15652169407755792
STATIC_0__avgdpdtolclosure24_3658938P,40,0.3784641977317303,0.15652169407755792
STATIC_0__avgdpdtolclosure24_3658938P,41,0.36726855609521547,0.15652169407755792
STATIC_0__avgdpdtolclosure24_3658938P,42,0.37583059772988536,0.15652169407755792
STATIC_0__avgdpdtolclosure24_3658938P,43,0.33723660088323637,0.15652169407755792
STATIC_0__avgdpdtolclosure24_3658938P,44,0.33550374758335255,0.15652169407755792
STATIC_0__avgdpdtolclosure24_3658938P,45,0.30350964767338473,0.15652169407755792
STATIC_0__avgdpdtolclosure24_3658938P,46,0.3349664872491434,0.15652169407755792
STATIC_0__avgdpdtolclosure24_3658938P,47,0.334436167132042,0.15652169407755792
STATIC_0__avgdpdtolclosure24_3658938P,48,0.2973116284683454,0.15652169407755792
STATIC_0__avgdpdtolclosure24_3658938P,49,0.3132041609297891,0.15652169407755792
STATIC_0__avgdpdtolclosure24_3658938P,50,0.25006113329883967,0.15652169407755792
STATIC_0__avgdpdtolclosure24_3658938P,51,0.3099453786389474,0.15652169407755792
STATIC_0__avgdpdtolclosure24_3658938P,52,0.3552826990847041,0.15652169407755792
STATIC_0__avgdpdtolclosure24_3658938P,53,0.3745746405018433,0.15652169407755792
STATIC_0__avgdpdtolclosure24_3658938P,54,0.2811294114028084,0.15652169407755792
STATIC_0__currdebt_22A,0,0.01636294953109581,0.774671378420641
STATIC_0__currdebt_22A,1,0.00754193081228293,0.774671378420641
STATIC_0__currdebt_22A,2,0.009855859928355222,0.774671378420641
STATIC_0__currdebt_22A,3,0.010402387622491453,0.774671378420641
STATIC_0__currdebt_22A,4,0.03655371068972783,0.774671378420641
STATIC_0__currdebt_22A,5,0.006932969993591285,0.774671378420641
STATIC_0__currdebt_22A,6,0.005804205546725422,0.774671378420641
STATIC_0__currdebt_22A,7,0.008921725030779119,0.774671378420641
STATIC_0__currdebt_22A,8,0.013213941063649828,0.774671378420641
STATIC_0__currdebt_22A,9,0.02378141921960786,0.774671378420641
STATIC_0__currdebt_22A,10,0.0046511388291702645,0.774671378420641
STATIC_0__currdebt_22A,11,0.013772715955562325,0.774671378420641
STATIC_0__currdebt_22A,12,0.00870442029578949,0.774671378420641
STATIC_0__currdebt_22A,13,0.0265459353471993,0.774671378420641
STATIC_0__currdebt_22A,14,0.005167712903004011,0.774671378420641
STATIC_0__currdebt_22A,15,0.02645261093692471,0.774671378420641
STATIC_0__currdebt_22A,16,0.012284787751953598,0.774671378420641
STATIC_0__currdebt_22A,17,0.01813278221464512,0.774671378420641
STATIC_0__currdebt_22A,18,0.02720811877890729,0.774671378420641
STATIC_0__currdebt_22A,19,0.004867959350038066,0.774671378420641
STATIC_0__currdebt_22A,20,0.019527215445471834,0.774671378420641
STATIC_0__currdebt_22A,21,0.0059872567219075475,0.774671378420641
STATIC_0__currdebt_22A,22,0.004584874825231296,0.774671378420641
STATIC_0__currdebt_22A,23,0.03042903690299899,0.774671378420641
STATIC_0__currdebt_22A,24,0.004040868411898734,0.774671378420641
STATIC_0__currdebt_22A,25,0.009403003855747653,0.774671378420641
STATIC_0__currdebt_22A,26,0.0044545902941528215,0.774671378420641
STATIC_0__currdebt_22A,27,0.015380513544866567,0.774671378420641
STATIC_0__currdebt_22A,28,0.00701867216913293,0.774671378420641
STATIC_0__currdebt_22A,29,0.004982974899643826,0.774671378420641
STATIC_0__currdebt_22A,30,0.018218350300251644,0.774671378420641
STATIC_0__currdebt_22A,31,0.014519792158010122,0.774671378420641
STATIC_0__currdebt_22A,32,0.03934912663817246,0.774671378420641
STATIC_0__currdebt_22A,33,0.025075462355581175,0.774671378420641
STATIC_0__currdebt_22A,34,0.0026843822377403933,0.774671378420641
STATIC_0__currdebt_22A,35,0.0012881064395476476,0.774671378420641
STATIC_0__currdebt_22A,36,0.004392436435795961,0.774671378420641
STATIC_0__currdebt_22A,37,0.011842762645765453,0.774671378420641
STATIC_0__currdebt_22A,38,0.003187568629647409,0.774671378420641
STATIC_0__currdebt_22A,39,0.01926995076141617,0.774671378420641
STATIC_0__currdebt_22A,40,0.015079972031550176,0.774671378420641
STATIC_0__currdebt_22A,41,0.010613904858216283,0.774671378420641
STATIC_0__currdebt_22A,42,0.016429490886244253,0.774671378420641
STATIC_0__currdebt_22A,43,0.03453158835149371,0.774671378420641
STATIC_0__currdebt_22A,44,0.021530097427474047,0.774671378420641
STATIC_0__currdebt_22A,45,0.027653120157544966,0.774671378420641
STATIC_0__currdebt_22A,46,0.014941040285118203,0.774671378420641
STATIC_0__currdebt_22A,47,0.06022826128857475,0.774671378420641
STATIC_0__currdebt_22A,48,0.02231834760474129,0.774671378420641
STATIC_0__currdebt_22A,49,0.03810509924536701,0.774671378420641
STATIC_0__currdebt_22A,50,0.04478483983228598,0.774671378420641
STATIC_0__currdebt_22A,51,0.047242959458421184,0.774671378420641
STATIC_0__currdebt_22A,52,0.055379559305358886,0.774671378420641
STATIC_0__currdebt_22A,53,0.05055897375919137,0.774671378420641
STATIC_0__currdebt_22A,54,0.026870454893616204,0.774671378420641
STATIC_0__lastapprcredamount_781A,0,0.009921084099574139,0.5652204031385167
STATIC_0__lastapprcredamount_781A,1,0.021891020224464,0.5652204031385167
STATIC_0__lastapprcredamount_781A,2,0.0357491664563582,0.5652204031385167
STATIC_0__lastapprcredamount_781A,3,0.030140990165254674,0.5652204031385167
STATIC_0__lastapprcredamount_781A,4,0.031560965808527276,0.5652204031385167
STATIC_0__lastapprcredamount_781A,5,0.04311694103800424,0.5652204031385167
STATIC_0__lastapprcredamount_781A,6,0.029004278150802382,0.5652204031385167
STATIC_0__lastapprcredamount_781A,7,0.006322538175291137,0.5652204031385167
STATIC_0__lastapprcredamount_781A,8,0.03589639132143794,0.5652204031385167
STATIC_0__lastapprcredamount_781A,9,0.018969148501903205,0.5652204031385167
STATIC_0__lastapprcredamount_781A,10,0.017879311729271305,0.5652204031385167
STATIC_0__lastapprcredamount_781A,11,0.02546273671289485,0.5652204031385167
STATIC_0__lastapprcredamount_781A,12,0.012662947423514882,0.5652204031385167
STATIC_0__lastapprcredamount_781A,13,0.011281354267346637,0.5652204031385167
STATIC_0__lastapprcredamount_781A,14,0.020351844474541046,0.5652204031385167
STATIC_0__lastapprcredamount_781A,15,0.013239563867261668,0.5652204031385167
STATIC_0__lastapprcredamount_781A,16,0.02237862805708206,0.5652204031385167
STATIC_0__lastapprcredamount_781A,17,0.021918724005637227,0.5652204031385167
STATIC_0__lastapprcredamount_781A,18,0.04242410381587909,0.5652204031385167
STATIC_0__lastapprcredamount_781A,19,0.03034504669397794,0.5652204031385167
STATIC_0__lastapprcredamount_781A,20,0.018173967043105307,0.5652204031385167
STATIC_0__lastapprcredamount_781A,21,0.046077117587193975,0.5652204031385167
STATIC_0__lastapprcredamount_781A,22,0.004332238645403103,0.5652204031385167
STATIC_0__lastapprcredamount_781A,23,0.023347004436756316,0.5652204031385167
STATIC_0__lastapprcredamount_781A,24,0.030745472581168637,0.5652204031385167
STATIC_0__lastapprcredamount_781A,25,0.015400214571567115,0.5652204031385167
STATIC_0__lastapprcredamount_781A,26,0.015924671937274152,0.5652204031385167
STATIC_0__lastapprcredamount_781A,27,0.011749407689668331,0.5652204031385167
STATIC_0__lastapprcredamount_781A,28,0.007534156153560035,0.5652204031385167
STATIC_0__lastapprcredamount_781A,29,0.06782995795462073,0.5652204031385167
STATIC_0__lastapprcredamount_781A,30,0.01701777853345684,0.5652204031385167
STATIC_0__lastapprcredamount_781A,31,0.016356903357301104,0.5652204031385167
STATIC_0__lastapprcredamount_781A,32,0.03476170952902152,0.5652204031385167
STATIC_0__lastapprcredamount_781A,33,0.007424204777738615,0.5652204031385167
STATIC_0__lastapprcredamount_781A,34,0.008984511026466704,0.5652204031385167
STATIC_0__lastapprcredamount_781A,35,0.028676167677249172,0.5652204031385167
STATIC_0__lastapprcredamount_781A,36,0.031131866753727064,0.5652204031385167
STATIC_0__lastapprcredamount_781A,37,0.02642013756309615,0.5652204031385167
STATIC_0__lastapprcredamount_781A,38,0.027256732145296173,0.5652204031385167
STATIC_0__lastapprcredamount_781A,39,0.04317950539664264,0.5652204031385167
STATIC_0__lastapprcredamount_781A,40,0.0057706071183424475,0.5652204031385167
STATIC_0__lastapprcredamount_781A,41,0.009226704566256015,0.5652204031385167
STATIC_0__lastapprcredamount_781A,42,0.052682523548731985,0.5652204031385167
STATIC_0__lastapprcredamount_781A,43,0.01830138576194097,0.5652204031385167
STATIC_0__lastapprcredamount_781A,44,0.02058150355940771,0.5652204031385167
STATIC_0__lastapprcredamount_781A,45,0.019441673080641188,0.5652204031385167
STATIC_0__lastapprcredamount_781A,46,0.015467558037519591,0.5652204031385167
STATIC_0__lastapprcredamount_781A,47,0.04004320443633627,0.5652204031385167
STATIC_0__lastapprcredamount_781A,48,0.018277321422924764,0.5652204031385167
STATIC_0__lastapprcredamount_781A,49,0.025095002680518973,0.5652204031385167
STATIC_0__lastapprcredamount_781A,50,0.012257403911652627,0.5652204031385167
STATIC_0__lastapprcredamount_781A,51,0.014320615088130085,0.5652204031385167
STATIC_0__lastapprcredamount_781A,52,0.012870193345283106,0.5652204031385167
STATIC_0__lastapprcredamount_781A,53,0.04890733171806286,0.5652204031385167
STATIC_0__lastapprcredamount_781A,54,0.012894925514204927,0.5652204031385167
STATIC_CB_0__pmtssum_45A,0,0.011477638280050627,0.6861562515736218
STATIC_CB_0__pmtssum_45A,1,0.13181774932896928,0.6861562515736218
STATIC_CB_0__pmtssum_45A,2,0.09757895801259639,0.6861562515736218
STATIC_CB_0__pmtssum_45A,3,0.12742585839063014,0.6861562515736218
STATIC_CB_0__pmtssum_45A,4,0.12771648471806354,0.6861562515736218
STATIC_CB_0__pmtssum_45A,5,0.08416228347148563,0.6861562515736218
STATIC_CB_0__pmtssum_45A,6,0.14391986252813335,0.6861562515736218
STATIC_CB_0__pmtssum_45A,7,0.13998464130043464,0.6861562515736218
STATIC_CB_0__pmtssum_45A,8,0.14880362669758027,0.6861562515736218
STATIC_CB_0__pmtssum_45A,9,0.10357152503860068,0.6861562515736218
STATIC_CB_0__pmtssum_45A,10,0.1481770416032131,0.6861562515736218
STATIC_CB_0__pmtssum_45A,11,0.1924761748661202,0.6861562515736218
STATIC_CB_0__pmtssum_45A,12,0.11336451304248119,0.6861562515736218
STATIC_CB_0__pmtssum_45A,13,0.2043197399864606,0.6861562515736218
STATIC_CB_0__pmtssum_45A,14,0.15862904337480074,0.6861562515736218
STATIC_CB_0__pmtssum_45A,15,0.17182340669999646,0.6861562515736218
STATIC_CB_0__pmtssum_45A,16,0.15516607394895704,0.6861562515736218
STATIC_CB_0__pmtssum_45A,17,0.16522865315971624,0.6861562515736218
STATIC_CB_0__pmtssum_45A,18,0.19025981284750199,0.6861562515736218
STATIC_CB_0__pmtssum_45A,19,0.14982869845615218,0.6861562515736218
STATIC_CB_0__pmtssum_45A,20,0.14522967539562023,0.6861562515736218
STATIC_CB_0__pmtssum_45A,21,0.17848248614551854,0.6861562515736218
STATIC_CB_0__pmtssum_45A,22,0.1637267202995703,0.6861562515736218
STATIC_CB_0__pmtssum_45A,23,0.10936669212132202,0.6861562515736218
STATIC_CB_0__pmtssum_45A,24,0.1201313270715478,0.6861562515736218
STATIC_CB_0__pmtssum_45A,25,0.132997213528646,0.6861562515736218
STATIC_CB_0__pmtssum_45A,26,0.15704170708400952,0.6861562515736218
STATIC_CB_0__pmtssum_45A,27,0.12414483159075539,0.6861562515736218
STATIC_CB_0__pmtssum_45A,28,0.16217550233623157,0.6861562515736218
STATIC_CB_0__pmtssum_45A,29,0.188752936297531,0.6861562515736218
STATIC_CB_0__pmtssum_45A,30,0.23369242582405086,0.6861562515736218
STATIC_CB_0__pmtssum_45A,31,0.24557530618676787,0.6861562515736218
STATIC_CB_0__pmtssum_45A,32,0.2009255592866818,0.6861562515736218
STATIC_CB_0__pmtssum_45A,33,0.1633904200787984,0.6861562515736218
STATIC_CB_0__pmtssum_45A,34,0.131666747618871,0.6861562515736218
STATIC_CB_0__pmtssum_45A,35,0.1961690071821308,0.6861562515736218
STATIC_CB_0__pmtssum_45A,36,0.11269692263819055,0.6861562515736218
STATIC_CB_0__pmtssum_45A,37,0.14405353645450264,0.6861562515736218
STATIC_CB_0__pmtssum_45A,38,0.146355783617263,0.6861562515736218
STATIC_CB_0__pmtssum_45A,39,0.15398999855189371,0.6861562515736218
STATIC_CB_0__pmtssum_45A,40,0.017372685550227453,0.6861562515736218
STATIC_CB_0__pmtssum_45A,41,0.0,0.6861562515736218
STATIC_CB_0__pmtssum_45A,42,0.0,0.6861562515736218
STATIC_CB_0__pmtssum_45A,43,0.0,0.6861562515736218
STATIC_CB_0__pmtssum_45A,44,0.0,0.6861562515736218
STATIC_CB_0__pmtssum_45A,45,0.0,0.6861562515736218
STATIC_CB_0__pmtssum_45A,46,0.0,0.6861562515736218
STATIC_CB_0__pmtssum_45A,47,0.0,0.6861562515736218
STATIC_CB_0__pmtssum_45A,48,0.0,0.6861562515736218
STATIC_CB_0__pmtssum_45A,49,0.0,0.6861562515736218
STATIC_CB_0__pmtssum_45A,50,0.0,0.6861562515736218
STATIC_CB_0__pmtssum_45A,51,0.0,0.6861562515736218
STATIC_CB_0__pmtssum_45A,52,0.0,0.6861562515736218
STATIC_CB_0__pmtssum_45A,53,0.0,0.6861562515736218
STATIC_CB_0__pmtssum_45A,54,0.0,0.6861562515736218
PERSON_1__birth_259D__MAX_GAP,0,0.14547838942428942,0.390731912348
PERSON_1__birth_259D__MAX_GAP,1,0.1514345770073711,0.390731912348
PERSON_1__birth_259D__MAX_GAP,2,0.11345011206575922,0.390731912348
PERSON_1__birth_259D__MAX_GAP,3,0.21170562168648724,0.390731912348
PERSON_1__birth_259D__MAX_GAP,4,0.13858472524450635,0.390731912348
PERSON_1__birth_259D__MAX_GAP,5,0.16596493325057904,0.390731912348
PERSON_1__birth_259D__MAX_GAP,6,0.11506603903751896,0.390731912348
PERSON_1__birth_259D__MAX_GAP,7,0.07544418476149838,0.390731912348
PERSON_1__birth_259D__MAX_GAP,8,0.10196308563326303,0.390731912348
PERSON_1__birth_259D__MAX_GAP,9,0.10193912404705613,0.390731912348
PERSON_1__birth_259D__MAX_GAP,10,0.22386513773675187,0.390731912348
PERSON_1__birth_259D__MAX_GAP,11,0.11781239555755503,0.390731912348
PERSON_1__birth_259D__MAX_GAP,12,0.08983858494320081,0.390731912348
PERSON_1__birth_259D__MAX_GAP,13,0.07826271849275854,0.390731912348
PERSON_1__birth_259D__MAX_GAP,14,0.14324547356503917,0.390731912348
PERSON_1__birth_259D__MAX_GAP,15,0.1688556690117634,0.390731912348
PERSON_1__birth_259D__MAX_GAP,16,0.11893558164737277,0.390731912348
PERSON_1__birth_259D__MAX_GAP,17,0.2144878166660712,0.390731912348
PERSON_1__birth_259D__MAX_GAP,18,0.17254625582904437,0.390731912348
PERSON_1__birth_259D__MAX_GAP,19,0.11263401648919727,0.390731912348
PERSON_1__birth_259D__MAX_GAP,20,0.1263893212166655,0.390731912348
PERSON_1__birth_259D__MAX_GAP,21,0.15283723293163823,0.390731912348
PERSON_1__birth_259D__MAX_GAP,22,0.14274775262958014,0.390731912348
PERSON_1__birth_259D__MAX_GAP,23,0.09189632041236641,0.390731912348
PERSON_1__birth_259D__MAX_GAP,24,0.13840557892577754,0.390731912348
PERSON_1__birth_259D__MAX_GAP,25,0.1450783195807081,0.390731912348
PERSON_1__birth_259D__MAX_GAP,26,0.12943056918598572,0.390731912348
PERSON_1__birth_259D__MAX_GAP,27,0.21673783323260862,0.390731912348
PERSON_1__birth_259D__MAX_GAP,28,0.11105486026274752,0.390731912348
PERSON_1__birth_259D__MAX_GAP,29,0.1312045565085232,0.390731912348
PERSON_1__birth_259D__MAX_GAP,30,0.12342611054606951,0.390731912348
PERSON_1__birth_259D__MAX_GAP,31,0.16686144408812642,0.390731912348
PERSON_1__birth_259D__MAX_GAP,32,0.14549324449291565,0.390731912348
PERSON_1__birth_259D__MAX_GAP,33,0.10600654202219928,0.390731912348
PERSON_1__birth_259D__MAX_GAP,34,0.11623765883984485,0.390731912348
PERSON_1__birth_259D__MAX_GAP,35,0.12795209038970456,0.390731912348
PERSON_1__birth_259D__MAX_GAP,36,0.1636635707745684,0.390731912348
PERSON_1__birth_259D__MAX_GAP,37,0.12037093632287565,0.390731912348
PERSON_1__birth_259D__MAX_GAP,38,0.08738617209950271,0.390731912348
PERSON_1__birth_259D__MAX_GAP,39,0.04568344341455584,0.390731912348
PERSON_1__birth_259D__MAX_GAP,40,0.12203279916161697,0.390731912348
PERSON_1__birth_259D__MAX_GAP,41,0.06958303508987336,0.390731912348
PERSON_1__birth_259D__MAX_GAP,42,0.06315211068208454,0.390731912348
PERSON_1__birth_259D__MAX_GAP,43,0.04433082806807027,0.390731912348
PERSON_1__birth_259D__MAX_GAP,44,0.08760033420054132,0.390731912348
PERSON_1__birth_259D__MAX_GAP,45,0.07556047696243927,0.390731912348
PERSON_1__birth_259D__MAX_GAP,46,0.07706255604393547,0.390731912348
PERSON_1__birth_259D__MAX_GAP,47,0.049639621008007125,0.390731912348
PERSON_1__birth_259D__MAX_GAP,48,0.057659612699464964,0.390731912348
PERSON_1__birth_259D__MAX_GAP,49,0.06783961498519837,0.390731912348
PERSON_1__birth_259D__MAX_GAP,50,0.06603813993410895,0.390731912348
PERSON_1__birth_259D__MAX_GAP,51,0.061783879803587634,0.390731912348
PERSON_1__birth_259D__MAX_GAP,52,0.06166979992222762,0.390731912348
PERSON_1__birth_259D__MAX_GAP,53,0.03610584592092376,0.390731912348
PERSON_1__birth_259D__MAX_GAP,54,0.08654617919498057,0.390731912348
STATIC_CB_0__days360_512L,0,0.006340693821695537,0.33600527652024814
STATIC_CB_0__days360_512L,1,0.09575982322527654,0.33600527652024814
STATIC_CB_0__days360_512L,2,0.03408760089545085,0.33600527652024814
STATIC_CB_0__days360_512L,3,0.14633421799176635,0.33600527652024814
STATIC_CB_0__days360_512L,4,0.09498115707160831,0.33600527652024814
STATIC_CB_0__days360_512L,5,0.0751474630950304,0.33600527652024814
STATIC_CB_0__days360_512L,6,0.07423790053017382,0.33600527652024814
STATIC_CB_0__days360_512L,7,0.09400905140698639,0.33600527652024814
STATIC_CB_0__days360_512L,8,0.047047263695478694,0.33600527652024814
STATIC_CB_0__days360_512L,9,0.13712808708017996,0.33600527652024814
STATIC_CB_0__days360_512L,10,0.10737523518745458,0.33600527652024814
STATIC_CB_0__days360_512L,11,0.1707077886868417,0.33600527652024814
STATIC_CB_0__days360_512L,12,0.12604757570181452,0.33600527652024814
STATIC_CB_0__days360_512L,13,0.07051619249640816,0.33600527652024814
STATIC_CB_0__days360_512L,14,0.07221488083484903,0.33600527652024814
STATIC_CB_0__days360_512L,15,0.08682945886367954,0.33600527652024814
STATIC_CB_0__days360_512L,16,0.07894456956339811,0.33600527652024814
STATIC_CB_0__days360_512L,17,0.09643765048901544,0.33600527652024814
STATIC_CB_0__days360_512L,18,0.11154256506411724,0.33600527652024814
STATIC_CB_0__days360_512L,19,0.06155916508975988,0.33600527652024814
STATIC_CB_0__days360_512L,20,0.08924509744742158,0.33600527652024814
STATIC_CB_0__days360_512L,21,0.1095072846824224,0.33600527652024814
STATIC_CB_0__days360_512L,22,0.12929075484536498,0.33600527652024814
STATIC_CB_0__days360_512L,23,0.09674222289953921,0.33600527652024814
STATIC_CB_0__days360_512L,24,0.09262836354167925,0.33600527652024814
STATIC_CB_0__days360_512L,25,0.08609683661274077,0.33600527652024814
STATIC_CB_0__days360_512L,26,0.11199491454841572,0.33600527652024814
STATIC_CB_0__days360_512L,27,0.1265970375177561,0.33600527652024814
STATIC_CB_0__days360_512L,28,0.09028275756729125,0.33600527652024814
STATIC_CB_0__days360_512L,29,0.10131556644969862,0.33600527652024814
STATIC_CB_0__days360_512L,30,0.03503363800104654,0.33600527652024814
STATIC_CB_0__days360_512L,31,0.09025718983125985,0.33600527652024814
STATIC_CB_0__days360_512L,32,0.10606435179440858,0.33600527652024814
STATIC_CB_0__days360_512L,33,0.0845936476168298,0.33600527652024814
STATIC_CB_0__days360_512L,34,0.047342449350516035,0.33600527652024814
STATIC_CB_0__days360_512L,35,0.053112023209950114,0.33600527652024814
STATIC_CB_0__days360_512L,36,0.06712443667055494,0.33600527652024814
STATIC_CB_0__days360_512L,37,0.04066633830318429,0.33600527652024814
STATIC_CB_0__days360_512L,38,0.0900064479601109,0.33600527652024814
STATIC_CB_0__days360_512L,39,0.061609218615235814,0.33600527652024814
STATIC_CB_0__days360_512L,40,0.05716766949538779,0.33600527652024814
STATIC_CB_0__days360_512L,41,0.09099689626553631,0.33600527652024814
STATIC_CB_0__days360_512L,42,0.08606939336309555,0.33600527652024814
STATIC_CB_0__days360_512L,43,0.07033252872060035,0.33600527652024814
STATIC_CB_0__days360_512L,44,0.09719336059474046,0.33600527652024814
STATIC_CB_0__days360_512L,45,0.09279594237180724,0.33600527652024814
STATIC_CB_0__days360_512L,46,0.08171083380345652,0.33600527652024814
STATIC_CB_0__days360_512L,47,0.13132737068416744,0.33600527652024814
STATIC_CB_0__days360_512L,48,0.07513122417241465,0.33600527652024814
STATIC_CB_0__days360_512L,49,0.0948081402861581,0.33600527652024814
STATIC_CB_0__days360_512L,50,0.08495793583785431,0.33600527652024814
STATIC_CB_0__days360_512L,51,0.12095518915792954,0.33600527652024814
STATIC_CB_0__days360_512L,52,0.10132285025781904,0.33600527652024814
STATIC_CB_0__days360_512L,53,0.13275666162765423,0.33600527652024814
STATIC_CB_0__days360_512L,54,0.12486797965543611,0.33600527652024814
PERSON_1__birth_259D__MIN_GAP,0,0.14547838942428942,0.390731912348
PERSON_1__birth_259D__MIN_GAP,1,0.1514345770073711,0.390731912348
PERSON_1__birth_259D__MIN_GAP,2,0.11345011206575922,0.390731912348
PERSON_1__birth_259D__MIN_GAP,3,0.21170562168648724,0.390731912348
PERSON_1__birth_259D__MIN_GAP,4,0.13858472524450635,0.390731912348
PERSON_1__birth_259D__MIN_GAP,5,0.16596493325057904,0.390731912348
PERSON_1__birth_259D__MIN_GAP,6,0.11506603903751896,0.390731912348
PERSON_1__birth_259D__MIN_GAP,7,0.07544418476149838,0.390731912348
PERSON_1__birth_259D__MIN_GAP,8,0.10196308563326303,0.390731912348
PERSON_1__birth_259D__MIN_GAP,9,0.10193912404705613,0.390731912348
PERSON_1__birth_259D__MIN_GAP,10,0.22386513773675187,0.390731912348
PERSON_1__birth_259D__MIN_GAP,11,0.11781239555755503,0.390731912348
PERSON_1__birth_259D__MIN_GAP,12,0.08983858494320081,0.390731912348
PERSON_1__birth_259D__MIN_GAP,13,0.07826271849275854,0.390731912348
PERSON_1__birth_259D__MIN_GAP,14,0.14324547356503917,0.390731912348
PERSON_1__birth_259D__MIN_GAP,15,0.1688556690117634,0.390731912348
PERSON_1__birth_259D__MIN_GAP,16,0.11893558164737277,0.390731912348
PERSON_1__birth_259D__MIN_GAP,17,0.2144878166660712,0.390731912348
PERSON_1__birth_259D__MIN_GAP,18,0.17254625582904437,0.390731912348
PERSON_1__birth_259D__MIN_GAP,19,0.11263401648919727,0.390731912348
PERSON_1__birth_259D__MIN_GAP,20,0.1263893212166655,0.390731912348
PERSON_1__birth_259D__MIN_GAP,21,0.15283723293163823,0.390731912348
PERSON_1__birth_259D__MIN_GAP,22,0.14274775262958014,0.390731912348
PERSON_1__birth_259D__MIN_GAP,23,0.09189632041236641,0.390731912348
PERSON_1__birth_259D__MIN_GAP,24,0.13840557892577754,0.390731912348
PERSON_1__birth_259D__MIN_GAP,25,0.1450783195807081,0.390731912348
PERSON_1__birth_259D__MIN_GAP,26,0.12943056918598572,0.390731912348
PERSON_1__birth_259D__MIN_GAP,27,0.21673783323260862,0.390731912348
PERSON_1__birth_259D__MIN_GAP,28,0.11105486026274752,0.390731912348
PERSON_1__birth_259D__MIN_GAP,29,0.1312045565085232,0.390731912348
PERSON_1__birth_259D__MIN_GAP,30,0.12342611054606951,0.390731912348
PERSON_1__birth_259D__MIN_GAP,31,0.16686144408812642,0.390731912348
PERSON_1__birth_259D__MIN_GAP,32,0.14549324449291565,0.390731912348
PERSON_1__birth_259D__MIN_GAP,33,0.10600654202219928,0.390731912348
PERSON_1__birth_259D__MIN_GAP,34,0.11623765883984485,0.390731912348
PERSON_1__birth_259D__MIN_GAP,35,0.12795209038970456,0.390731912348
PERSON_1__birth_259D__MIN_GAP,36,0.1636635707745684,0.390731912348
PERSON_1__birth_259D__MIN_GAP,37,0.12037093632287565,0.390731912348
PERSON_1__birth_259D__MIN_GAP,38,0.08738617209950271,0.390731912348
PERSON_1__birth_259D__MIN_GAP,39,0.04568344341455584,0.390731912348
PERSON_1__birth_259D__MIN_GAP,40,0.12203279916161697,0.390731912348
PERSON_1__birth_259D__MIN_GAP,41,0.06958303508987336,0.390731912348
PERSON_1__birth_259D__MIN_GAP,42,0.06315211068208454,0.390731912348
PERSON_1__birth_259D__MIN_GAP,43,0.04433082806807027,0.390731912348
PERSON_1__birth_259D__MIN_GAP,44,0.08760033420054132,0.390731912348
PERSON_1__birth_259D__MIN_GAP,45,0.07556047696243927,0.390731912348
PERSON_1__birth_259D__MIN_GAP,46,0.07706255604393547,0.390731912348
PERSON_1__birth_259D__MIN_GAP,47,0.049639621008007125,0.390731912348
PERSON_1__birth_259D__MIN_GAP,48,0.057659612699464964,0.390731912348
PERSON_1__birth_259D__MIN_GAP,49,0.06783961498519837,0.390731912348
PERSON_1__birth_259D__MIN_GAP,50,0.06603813993410895,0.390731912348
PERSON_1__birth_259D__MIN_GAP,51,0.061783879803587634,0.390731912348
PERSON_1__birth_259D__MIN_GAP,52,0.06166979992222762,0.390731912348
PERSON_1__birth_259D__MIN_GAP,53,0.03610584592092376,0.390731912348
PERSON_1__birth_259D__MIN_GAP,54,0.08654617919498057,0.390731912348
CREDIT_BUREAU_A_1__debtoutstand_525A__MAX,0,0.004528213436412382,0.4786767469280974
CREDIT_BUREAU_A_1__debtoutstand_525A__MAX,1,0.053327652687786734,0.4786767469280974
CREDIT_BUREAU_A_1__debtoutstand_525A__MAX,2,0.02017161482243876,0.4786767469280974
CREDIT_BUREAU_A_1__debtoutstand_525A__MAX,3,0.023732253992198055,0.4786767469280974
CREDIT_BUREAU_A_1__debtoutstand_525A__MAX,4,0.02079171460457553,0.4786767469280974
CREDIT_BUREAU_A_1__debtoutstand_525A__MAX,5,0.027682356344635943,0.4786767469280974
CREDIT_BUREAU_A_1__debtoutstand_525A__MAX,6,0.013958365297770812,0.4786767469280974
CREDIT_BUREAU_A_1__debtoutstand_525A__MAX,7,0.03870493885966974,0.4786767469280974
CREDIT_BUREAU_A_1__debtoutstand_525A__MAX,8,0.023336956976260845,0.4786767469280974
CREDIT_BUREAU_A_1__debtoutstand_525A__MAX,9,0.01771678526804292,0.4786767469280974
CREDIT_BUREAU_A_1__debtoutstand_525A__MAX,10,0.03784371651414294,0.4786767469280974
CREDIT_BUREAU_A_1__debtoutstand_525A__MAX,11,0.03439893347209101,0.4786767469280974
CREDIT_BUREAU_A_1__debtoutstand_525A__MAX,12,0.014596911875184772,0.4786767469280974
CREDIT_BUREAU_A_1__debtoutstand_525A__MAX,13,0.03979351019311834,0.4786767469280974
CREDIT_BUREAU_A_1__debtoutstand_525A__MAX,14,0.034934716123569964,0.4786767469280974
CREDIT_BUREAU_A_1__debtoutstand_525A__MAX,15,0.03020123078535424,0.4786767469280974
CREDIT_BUREAU_A_1__debtoutstand_525A__MAX,16,0.0311376545330179,0.4786767469280974
CREDIT_BUREAU_A_1__debtoutstand_525A__MAX,17,0.012470620979824605,0.4786767469280974
CREDIT_BUREAU_A_1__debtoutstand_525A__MAX,18,0.0015934359299706988,0.4786767469280974
CREDIT_BUREAU_A_1__debtoutstand_525A__MAX,19,0.02898207270161335,0.4786767469280974
CREDIT_BUREAU_A_1__debtoutstand_525A__MAX,20,0.017898972612298215,0.4786767469280974
CREDIT_BUREAU_A_1__debtoutstand_525A__MAX,21,0.008771685130046964,0.4786767469280974
CREDIT_BUREAU_A_1__debtoutstand_525A__MAX,22,0.014941420358305837,0.4786767469280974
CREDIT_BUREAU_A_1__debtoutstand_525A__MAX,23,0.017216591542919893,0.4786767469280974
CREDIT_BUREAU_A_1__debtoutstand_525A__MAX,24,0.007432193458392874,0.4786767469280974
CREDIT_BUREAU_A_1__debtoutstand_525A__MAX,25,0.040089913150812784,0.4786767469280974
CREDIT_BUREAU_A_1__debtoutstand_525A__MAX,26,0.02750713062897553,0.4786767469280974
CREDIT_BUREAU_A_1__debtoutstand_525A__MAX,27,0.030498596548533922,0.4786767469280974
CREDIT_BUREAU_A_1__debtoutstand_525A__MAX,28,0.01123505025330982,0.4786767469280974
CREDIT_BUREAU_A_1__debtoutstand_525A__MAX,29,0.015243058276904704,0.4786767469280974
CREDIT_BUREAU_A_1__debtoutstand_525A__MAX,30,0.013132488258701195,0.4786767469280974
CREDIT_BUREAU_A_1__debtoutstand_525A__MAX,31,0.04340530770299182,0.4786767469280974
CREDIT_BUREAU_A_1__debtoutstand_525A__MAX,32,0.02250857199582043,0.4786767469280974
CREDIT_BUREAU_A_1__debtoutstand_525A__MAX,33,0.031369592824795234,0.4786767469280974
CREDIT_BUREAU_A_1__debtoutstand_525A__MAX,34,0.05489057857202875,0.4786767469280974
CREDIT_BUREAU_A_1__debtoutstand_525A__MAX,35,0.04564447081088405,0.4786767469280974
CREDIT_BUREAU_A_1__debtoutstand_525A__MAX,36,0.02142220047851717,0.4786767469280974
CREDIT_BUREAU_A_1__debtoutstand_525A__MAX,37,0.009864104127965463,0.4786767469280974
CREDIT_BUREAU_A_1__debtoutstand_525A__MAX,38,0.017953403848282763,0.4786767469280974
CREDIT_BUREAU_A_1__debtoutstand_525A__MAX,39,0.017894308221377185,0.4786767469280974
CREDIT_BUREAU_A_1__debtoutstand_525A__MAX,40,0.036253611043269685,0.4786767469280974
CREDIT_BUREAU_A_1__debtoutstand_525A__MAX,41,0.04385062641644777,0.4786767469280974
CREDIT_BUREAU_A_1__debtoutstand_525A__MAX,42,0.04756737268002168,0.4786767469280974
CREDIT_BUREAU_A_1__debtoutstand_525A__MAX,43,0.02107943946881268,0.4786767469280974
CREDIT_BUREAU_A_1__debtoutstand_525A__MAX,44,0.030265334255964123,0.4786767469280974
CREDIT_BUREAU_A_1__debtoutstand_525A__MAX,45,0.027015758533861872,0.4786767469280974
CREDIT_BUREAU_A_1__debtoutstand_525A__MAX,46,0.04126653477381392,0.4786767469280974
CREDIT_BUREAU_A_1__debtoutstand_525A__MAX,47,0.04570679413136893,0.4786767469280974
CREDIT_BUREAU_A_1__debtoutstand_525A__MAX,48,0.016356020795634866,0.4786767469280974
CREDIT_BUREAU_A_1__debtoutstand_525A__MAX,49,0.014845016909009502,0.4786767469280974
CREDIT_BUREAU_A_1__debtoutstand_525A__MAX,50,0.02782513722537484,0.4786767469280974
CREDIT_BUREAU_A_1__debtoutstand_525A__MAX,51,0.0367309593590393,0.4786767469280974
CREDIT_BUREAU_A_1__debtoutstand_525A__MAX,52,0.039092695791426046,0.4786767469280974
CREDIT_BUREAU_A_1__debtoutstand_525A__MAX,53,0.03182727465130409,0.4786767469280974
CREDIT_BUREAU_A_1__debtoutstand_525A__MAX,54,0.018467167982964973,0.4786767469280974
CREDIT_BUREAU_A_2__pmts_dpd_1073P__MEAN,0,0.025948255400026873,0.23053731628513444
CREDIT_BUREAU_A_2__pmts_dpd_1073P__MEAN,1,0.2812299162332018,0.23053731628513444
CREDIT_BUREAU_A_2__pmts_dpd_1073P__MEAN,2,0.30033662756315854,0.23053731628513444
CREDIT_BUREAU_A_2__pmts_dpd_1073P__MEAN,3,0.20700617252743184,0.23053731628513444
CREDIT_BUREAU_A_2__pmts_dpd_1073P__MEAN,4,0.3004051088573563,0.23053731628513444
CREDIT_BUREAU_A_2__pmts_dpd_1073P__MEAN,5,0.3643483695369552,0.23053731628513444
CREDIT_BUREAU_A_2__pmts_dpd_1073P__MEAN,6,0.20523200815603296,0.23053731628513444
CREDIT_BUREAU_A_2__pmts_dpd_1073P__MEAN,7,0.356517884396362,0.23053731628513444
CREDIT_BUREAU_A_2__pmts_dpd_1073P__MEAN,8,0.28386279474997994,0.23053731628513444
CREDIT_BUREAU_A_2__pmts_dpd_1073P__MEAN,9,0.24247799402997008,0.23053731628513444
CREDIT_BUREAU_A_2__pmts_dpd_1073P__MEAN,10,0.27639409537736015,0.23053731628513444
CREDIT_BUREAU_A_2__pmts_dpd_1073P__MEAN,11,0.3204708582616343,0.23053731628513444
CREDIT_BUREAU_A_2__pmts_dpd_1073P__MEAN,12,0.2968095906292314,0.23053731628513444
CREDIT_BUREAU_A_2__pmts_dpd_1073P__MEAN,13,0.41582765158964446,0.23053731628513444
CREDIT_BUREAU_A_2__pmts_dpd_1073P__MEAN,14,0.27291690628487203,0.23053731628513444
CREDIT_BUREAU_A_2__pmts_dpd_1073P__MEAN,15,0.3945042249029808,0.23053731628513444
CREDIT_BUREAU_A_2__pmts_dpd_1073P__MEAN,16,0.27993172389184756,0.23053731628513444
CREDIT_BUREAU_A_2__pmts_dpd_1073P__MEAN,17,0.24636872757735176,0.23053731628513444
CREDIT_BUREAU_A_2__pmts_dpd_1073P__MEAN,18,0.3441725579815823,0.23053731628513444
CREDIT_BUREAU_A_2__pmts_dpd_1073P__MEAN,19,0.33743398453467305,0.23053731628513444
CREDIT_BUREAU_A_2__pmts_dpd_1073P__MEAN,20,0.27157246862026035,0.23053731628513444
CREDIT_BUREAU_A_2__pmts_dpd_1073P__MEAN,21,0.3415821017095375,0.23053731628513444
CREDIT_BUREAU_A_2__pmts_dpd_1073P__MEAN,22,0.34088634905867377,0.23053731628513444
CREDIT_BUREAU_A_2__pmts_dpd_1073P__MEAN,23,0.37441555663416853,0.23053731628513444
CREDIT_BUREAU_A_2__pmts_dpd_1073P__MEAN,24,0.2763053776827743,0.23053731628513444
CREDIT_BUREAU_A_2__pmts_dpd_1073P__MEAN,25,0.2530890559861486,0.23053731628513444
CREDIT_BUREAU_A_2__pmts_dpd_1073P__MEAN,26,0.28771641315685603,0.23053731628513444
CREDIT_BUREAU_A_2__pmts_dpd_1073P__MEAN,27,0.29849412010918835,0.23053731628513444
CREDIT_BUREAU_A_2__pmts_dpd_1073P__MEAN,28,0.29784411004117595,0.23053731628513444
CREDIT_BUREAU_A_2__pmts_dpd_1073P__MEAN,29,0.33528139268583956,0.23053731628513444
CREDIT_BUREAU_A_2__pmts_dpd_1073P__MEAN,30,0.28835502375961014,0.23053731628513444
CREDIT_BUREAU_A_2__pmts_dpd_1073P__MEAN,31,0.3744152899271482,0.23053731628513444
CREDIT_BUREAU_A_2__pmts_dpd_1073P__MEAN,32,0.33051547587579244,0.23053731628513444
CREDIT_BUREAU_A_2__pmts_dpd_1073P__MEAN,33,0.27221153533979614,0.23053731628513444
CREDIT_BUREAU_A_2__pmts_dpd_1073P__MEAN,34,0.24024956590556684,0.23053731628513444
CREDIT_BUREAU_A_2__pmts_dpd_1073P__MEAN,35,0.47215168012878533,0.23053731628513444
CREDIT_BUREAU_A_2__pmts_dpd_1073P__MEAN,36,0.3676830866763943,0.23053731628513444
CREDIT_BUREAU_A_2__pmts_dpd_1073P__MEAN,37,0.39276029721114686,0.23053731628513444
CREDIT_BUREAU_A_2__pmts_dpd_1073P__MEAN,38,0.2724377886753443,0.23053731628513444
CREDIT_BUREAU_A_2__pmts_dpd_1073P__MEAN,39,0.3370570299372562,0.23053731628513444
CREDIT_BUREAU_A_2__pmts_dpd_1073P__MEAN,40,0.2962800171059584,0.23053731628513444
CREDIT_BUREAU_A_2__pmts_dpd_1073P__MEAN,41,0.2915061219656181,0.23053731628513444
CREDIT_BUREAU_A_2__pmts_dpd_1073P__MEAN,42,0.2743017188991026,0.23053731628513444
CREDIT_BUREAU_A_2__pmts_dpd_1073P__MEAN,43,0.2739129753481441,0.23053731628513444
CREDIT_BUREAU_A_2__pmts_dpd_1073P__MEAN,44,0.34602165016661107,0.23053731628513444
CREDIT_BUREAU_A_2__pmts_dpd_1073P__MEAN,45,0.2427355386199909,0.23053731628513444
CREDIT_BUREAU_A_2__pmts_dpd_1073P__MEAN,46,0.222012710631391,0.23053731628513444
CREDIT_BUREAU_A_2__pmts_dpd_1073P__MEAN,47,0.4343783430026221,0.23053731628513444
CREDIT_BUREAU_A_2__pmts_dpd_1073P__MEAN,48,0.28272145726010234,0.23053731628513444
CREDIT_BUREAU_A_2__pmts_dpd_1073P__MEAN,49,0.33136023518250085,0.23053731628513444
CREDIT_BUREAU_A_2__pmts_dpd_1073P__MEAN,50,0.26404527767453945,0.23053731628513444
CREDIT_BUREAU_A_2__pmts_dpd_1073P__MEAN,51,0.3697765774373945,0.23053731628513444
CREDIT_BUREAU_A_2__pmts_dpd_1073P__MEAN,52,0.42977908266802145,0.23053731628513444
CREDIT_BUREAU_A_2__pmts_dpd_1073P__MEAN,53,0.41269410454679495,0.23053731628513444
CREDIT_BUREAU_A_2__pmts_dpd_1073P__MEAN,54,0.22707622013245804,0.23053731628513444
APPLPREV_1__mainoccupationinc_437A__MEAN,0,0.02653330866052296,0.5321432409355962
APPLPREV_1__mainoccupationinc_437A__MEAN,1,0.030819627097506918,0.5321432409355962
APPLPREV_1__mainoccupationinc_437A__MEAN,2,0.048312359930569926,0.5321432409355962
APPLPREV_1__mainoccupationinc_437A__MEAN,3,0.016280157420865082,0.5321432409355962
APPLPREV_1__mainoccupationinc_437A__MEAN,4,0.010086081382357458,0.5321432409355962
APPLPREV_1__mainoccupationinc_437A__MEAN,5,0.01326900552282427,0.5321432409355962
APPLPREV_1__mainoccupationinc_437A__MEAN,6,0.006087947145782124,0.5321432409355962
APPLPREV_1__mainoccupationinc_437A__MEAN,7,0.024717920752391744,0.5321432409355962
APPLPREV_1__mainoccupationinc_437A__MEAN,8,0.04088861948385407,0.5321432409355962
APPLPREV_1__mainoccupationinc_437A__MEAN,9,0.022573813093336503,0.5321432409355962
APPLPREV_1__mainoccupationinc_437A__MEAN,10,0.025253319901842392,0.5321432409355962
APPLPREV_1__mainoccupationinc_437A__MEAN,11,0.08220315239750808,0.5321432409355962
APPLPREV_1__mainoccupationinc_437A__MEAN,12,0.014355666676211958,0.5321432409355962
APPLPREV_1__mainoccupationinc_437A__MEAN,13,0.050308651164083104,0.5321432409355962
APPLPREV_1__mainoccupationinc_437A__MEAN,14,0.0300336690510526,0.5321432409355962
APPLPREV_1__mainoccupationinc_437A__MEAN,15,0.009594283322889304,0.5321432409355962
APPLPREV_1__mainoccupationinc_437A__MEAN,16,0.03515661136430128,0.5321432409355962
APPLPREV_1__mainoccupationinc_437A__MEAN,17,0.03996285700873823,0.5321432409355962
APPLPREV_1__mainoccupationinc_437A__MEAN,18,0.050844198118315906,0.5321432409355962
APPLPREV_1__mainoccupationinc_437A__MEAN,19,0.015965602642307855,0.5321432409355962
APPLPREV_1__mainoccupationinc_437A__MEAN,20,0.033655813658975915,0.5321432409355962
APPLPREV_1__mainoccupationinc_437A__MEAN,21,0.036486483650572665,0.5321432409355962
APPLPREV_1__mainoccupationinc_437A__MEAN,22,0.027662275003692217,0.5321432409355962
APPLPREV_1__mainoccupationinc_437A__MEAN,23,0.06646901818246131,0.5321432409355962
APPLPREV_1__mainoccupationinc_437A__MEAN,24,0.052593251558059606,0.5321432409355962
APPLPREV_1__mainoccupationinc_437A__MEAN,25,0.024544534872071085,0.5321432409355962
APPLPREV_1__mainoccupationinc_437A__MEAN,26,0.059629348482486584,0.5321432409355962
APPLPREV_1__mainoccupationinc_437A__MEAN,27,0.05157575071359512,0.5321432409355962
APPLPREV_1__mainoccupationinc_437A__MEAN,28,0.07409381868851152,0.5321432409355962
APPLPREV_1__mainoccupationinc_437A__MEAN,29,0.04462925377050135,0.5321432409355962
APPLPREV_1__mainoccupationinc_437A__MEAN,30,0.03234441406406696,0.5321432409355962
APPLPREV_1__mainoccupationinc_437A__MEAN,31,0.037404791600832446,0.5321432409355962
APPLPREV_1__mainoccupationinc_437A__MEAN,32,0.04691197583053486,0.5321432409355962
APPLPREV_1__mainoccupationinc_437A__MEAN,33,0.02199273766769272,0.5321432409355962
APPLPREV_1__mainoccupationinc_437A__MEAN,34,0.014365555094667186,0.5321432409355962
APPLPREV_1__mainoccupationinc_437A__MEAN,35,0.010629836892920982,0.5321432409355962
APPLPREV_1__mainoccupationinc_437A__MEAN,36,0.025098839654441676,0.5321432409355962
APPLPREV_1__mainoccupationinc_437A__MEAN,37,0.05234395140741853,0.5321432409355962
APPLPREV_1__mainoccupationinc_437A__MEAN,38,0.03449140218856343,0.5321432409355962
APPLPREV_1__mainoccupationinc_437A__MEAN,39,0.052864416491045826,0.5321432409355962
APPLPREV_1__mainoccupationinc_437A__MEAN,40,0.02994672471810806,0.5321432409355962
APPLPREV_1__mainoccupationinc_437A__MEAN,41,0.035674675441938274,0.5321432409355962
APPLPREV_1__mainoccupationinc_437A__MEAN,42,0.05334683321845224,0.5321432409355962
APPLPREV_1__mainoccupationinc_437A__MEAN,43,0.04056696454637371,0.5321432409355962
APPLPREV_1__mainoccupationinc_437A__MEAN,44,0.03978369363199849,0.5321432409355962
APPLPREV_1__mainoccupationinc_437A__MEAN,45,0.0420579459688071,0.5321432409355962
APPLPREV_1__mainoccupationinc_437A__MEAN,46,0.05074650332275018,0.5321432409355962
APPLPREV_1__mainoccupationinc_437A__MEAN,47,0.09167982170544399,0.5321432409355962
APPLPREV_1__mainoccupationinc_437A__MEAN,48,0.03810265292067115,0.5321432409355962
APPLPREV_1__mainoccupationinc_437A__MEAN,49,0.03595701867403754,0.5321432409355962
APPLPREV_1__mainoccupationinc_437A__MEAN,50,0.025568223770683504,0.5321432409355962
APPLPREV_1__mainoccupationinc_437A__MEAN,51,0.03555279941031019,0.5321432409355962
APPLPREV_1__mainoccupationinc_437A__MEAN,52,0.05322826221977824,0.5321432409355962
APPLPREV_1__mainoccupationinc_437A__MEAN,53,0.11479291416753143,0.5321432409355962
APPLPREV_1__mainoccupationinc_437A__MEAN,54,0.05288261814701495,0.5321432409355962
CREDIT_BUREAU_A_1__debtoutstand_525A__MEAN,0,0.004528213436412382,0.4786767469280974
CREDIT_BUREAU_A_1__debtoutstand_525A__MEAN,1,0.053327652687786734,0.4786767469280974
CREDIT_BUREAU_A_1__debtoutstand_525A__MEAN,2,0.02017161482243876,0.4786767469280974
CREDIT_BUREAU_A_1__debtoutstand_525A__MEAN,3,0.023732253992198055,0.4786767469280974
CREDIT_BUREAU_A_1__debtoutstand_525A__MEAN,4,0.02079171460457553,0.4786767469280974
CREDIT_BUREAU_A_1__debtoutstand_525A__MEAN,5,0.027682356344635943,0.4786767469280974
CREDIT_BUREAU_A_1__debtoutstand_525A__MEAN,6,0.013958365297770812,0.4786767469280974
CREDIT_BUREAU_A_1__debtoutstand_525A__MEAN,7,0.03870493885966974,0.4786767469280974
CREDIT_BUREAU_A_1__debtoutstand_525A__MEAN,8,0.023336956976260845,0.4786767469280974
CREDIT_BUREAU_A_1__debtoutstand_525A__MEAN,9,0.01771678526804292,0.4786767469280974
CREDIT_BUREAU_A_1__debtoutstand_525A__MEAN,10,0.03784371651414294,0.4786767469280974
CREDIT_BUREAU_A_1__debtoutstand_525A__MEAN,11,0.03439893347209101,0.4786767469280974
CREDIT_BUREAU_A_1__debtoutstand_525A__MEAN,12,0.014596911875184772,0.4786767469280974
CREDIT_BUREAU_A_1__debtoutstand_525A__MEAN,13,0.03979351019311834,0.4786767469280974
CREDIT_BUREAU_A_1__debtoutstand_525A__MEAN,14,0.034934716123569964,0.4786767469280974
CREDIT_BUREAU_A_1__debtoutstand_525A__MEAN,15,0.03020123078535424,0.4786767469280974
CREDIT_BUREAU_A_1__debtoutstand_525A__MEAN,16,0.0311376545330179,0.4786767469280974
CREDIT_BUREAU_A_1__debtoutstand_525A__MEAN,17,0.012470620979824605,0.4786767469280974
CREDIT_BUREAU_A_1__debtoutstand_525A__MEAN,18,0.0015934359299706988,0.4786767469280974
CREDIT_BUREAU_A_1__debtoutstand_525A__MEAN,19,0.02898207270161335,0.4786767469280974
CREDIT_BUREAU_A_1__debtoutstand_525A__MEAN,20,0.017898972612298215,0.4786767469280974
CREDIT_BUREAU_A_1__debtoutstand_525A__MEAN,21,0.008771685130046964,0.4786767469280974
CREDIT_BUREAU_A_1__debtoutstand_525A__MEAN,22,0.014941420358305837,0.4786767469280974
CREDIT_BUREAU_A_1__debtoutstand_525A__MEAN,23,0.017216591542919893,0.4786767469280974
CREDIT_BUREAU_A_1__debtoutstand_525A__MEAN,24,0.007432193458392874,0.4786767469280974
CREDIT_BUREAU_A_1__debtoutstand_525A__MEAN,25,0.040089913150812784,0.4786767469280974
CREDIT_BUREAU_A_1__debtoutstand_525A__MEAN,26,0.02750713062897553,0.4786767469280974
CREDIT_BUREAU_A_1__debtoutstand_525A__MEAN,27,0.030498596548533922,0.4786767469280974
CREDIT_BUREAU_A_1__debtoutstand_525A__MEAN,28,0.01123505025330982,0.4786767469280974
CREDIT_BUREAU_A_1__debtoutstand_525A__MEAN,29,0.015243058276904704,0.4786767469280974
CREDIT_BUREAU_A_1__debtoutstand_525A__MEAN,30,0.013132488258701195,0.4786767469280974
CREDIT_BUREAU_A_1__debtoutstand_525A__MEAN,31,0.04340530770299182,0.4786767469280974
CREDIT_BUREAU_A_1__debtoutstand_525A__MEAN,32,0.02250857199582043,0.4786767469280974
CREDIT_BUREAU_A_1__debtoutstand_525A__MEAN,33,0.031369592824795234,0.4786767469280974
CREDIT_BUREAU_A_1__debtoutstand_525A__MEAN,34,0.05489057857202875,0.4786767469280974
CREDIT_BUREAU_A_1__debtoutstand_525A__MEAN,35,0.04564447081088405,0.4786767469280974
CREDIT_BUREAU_A_1__debtoutstand_525A__MEAN,36,0.02142220047851717,0.4786767469280974
CREDIT_BUREAU_A_1__debtoutstand_525A__MEAN,37,0.009864104127965463,0.4786767469280974
CREDIT_BUREAU_A_1__debtoutstand_525A__MEAN,38,0.017953403848282763,0.4786767469280974
CREDIT_BUREAU_A_1__debtoutstand_525A__MEAN,39,0.017894308221377185,0.4786767469280974
CREDIT_BUREAU_A_1__debtoutstand_525A__MEAN,40,0.036253611043269685,0.4786767469280974
CREDIT_BUREAU_A_1__debtoutstand_525A__MEAN,41,0.04385062641644777,0.4786767469280974
CREDIT_BUREAU_A_1__debtoutstand_525A__MEAN,42,0.04756737268002168,0.4786767469280974
CREDIT_BUREAU_A_1__debtoutstand_525A__MEAN,43,0.02107943946881268,0.4786767469280974
CREDIT_BUREAU_A_1__debtoutstand_525A__MEAN,44,0.030265334255964123,0.4786767469280974
CREDIT_BUREAU_A_1__debtoutstand_525A__MEAN,45,0.027015758533861872,0.4786767469280974
CREDIT_BUREAU_A_1__debtoutstand_525A__MEAN,46,0.04126653477381392,0.4786767469280974
CREDIT_BUREAU_A_1__debtoutstand_525A__MEAN,47,0.04570679413136893,0.4786767469280974
CREDIT_BUREAU_A_1__debtoutstand_525A__MEAN,48,0.016356020795634866,0.4786767469280974
CREDIT_BUREAU_A_1__debtoutstand_525A__MEAN,49,0.014845016909009502,0.4786767469280974
CREDIT_BUREAU_A_1__debtoutstand_525A__MEAN,50,0.02782513722537484,0.4786767469280974
CREDIT_BUREAU_A_1__debtoutstand_525A__MEAN,51,0.0367309593590393,0.4786767469280974
CREDIT_BUREAU_A_1__debtoutstand_525A__MEAN,52,0.039092695791426046,0.4786767469280974
CREDIT_BUREAU_A_1__debtoutstand_525A__MEAN,53,0.03182727465130409,0.4786767469280974
CREDIT_BUREAU_A_1__debtoutstand_525A__MEAN,54,0.018467167982964973,0.4786767469280974
TAX_REGISTRY_A_1__amount_4527230A__MEAN,0,0.0,1.3418778052995934
TAX_REGISTRY_A_1__amount_4527230A__MEAN,1,0.0,1.3418778052995934
TAX_REGISTRY_A_1__amount_4527230A__MEAN,2,0.0,1.3418778052995934
TAX_REGISTRY_A_1__amount_4527230A__MEAN,3,0.0,1.3418778052995934
TAX_REGISTRY_A_1__amount_4527230A__MEAN,4,0.0,1.3418778052995934
TAX_REGISTRY_A_1__amount_4527230A__MEAN,5,0.0,1.3418778052995934
TAX_REGISTRY_A_1__amount_4527230A__MEAN,6,0.0,1.3418778052995934
TAX_REGISTRY_A_1__amount_4527230A__MEAN,7,0.0,1.3418778052995934
TAX_REGISTRY_A_1__amount_4527230A__MEAN,8,0.0,1.3418778052995934
TAX_REGISTRY_A_1__amount_4527230A__MEAN,9,0.0,1.3418778052995934
TAX_REGISTRY_A_1__amount_4527230A__MEAN,10,0.0,1.3418778052995934
TAX_REGISTRY_A_1__amount_4527230A__MEAN,11,0.0,1.3418778052995934
TAX_REGISTRY_A_1__amount_4527230A__MEAN,12,0.0,1.3418778052995934
TAX_REGISTRY_A_1__amount_4527230A__MEAN,13,0.0,1.3418778052995934
TAX_REGISTRY_A_1__amount_4527230A__MEAN,14,0.0,1.3418778052995934
TAX_REGISTRY_A_1__amount_4527230A__MEAN,15,0.0,1.3418778052995934
TAX_REGISTRY_A_1__amount_4527230A__MEAN,16,0.0,1.3418778052995934
TAX_REGISTRY_A_1__amount_4527230A__MEAN,17,0.0,1.3418778052995934
TAX_REGISTRY_A_1__amount_4527230A__MEAN,18,0.0,1.3418778052995934
TAX_REGISTRY_A_1__amount_4527230A__MEAN,19,0.0,1.3418778052995934
TAX_REGISTRY_A_1__amount_4527230A__MEAN,20,0.0,1.3418778052995934
TAX_REGISTRY_A_1__amount_4527230A__MEAN,21,0.0,1.3418778052995934
TAX_REGISTRY_A_1__amount_4527230A__MEAN,22,0.0,1.3418778052995934
TAX_REGISTRY_A_1__amount_4527230A__MEAN,23,0.0,1.3418778052995934
TAX_REGISTRY_A_1__amount_4527230A__MEAN,24,0.0,1.3418778052995934
TAX_REGISTRY_A_1__amount_4527230A__MEAN,25,0.0,1.3418778052995934
TAX_REGISTRY_A_1__amount_4527230A__MEAN,26,0.0,1.3418778052995934
TAX_REGISTRY_A_1__amount_4527230A__MEAN,27,0.0,1.3418778052995934
TAX_REGISTRY_A_1__amount_4527230A__MEAN,28,0.0,1.3418778052995934
TAX_REGISTRY_A_1__amount_4527230A__MEAN,29,0.0,1.3418778052995934
TAX_REGISTRY_A_1__amount_4527230A__MEAN,30,0.0,1.3418778052995934
TAX_REGISTRY_A_1__amount_4527230A__MEAN,31,0.0,1.3418778052995934
TAX_REGISTRY_A_1__amount_4527230A__MEAN,32,0.0,1.3418778052995934
TAX_REGISTRY_A_1__amount_4527230A__MEAN,33,0.0,1.3418778052995934
TAX_REGISTRY_A_1__amount_4527230A__MEAN,34,0.07638013436745013,1.3418778052995934
TAX_REGISTRY_A_1__amount_4527230A__MEAN,35,0.08398035565235538,1.3418778052995934
TAX_REGISTRY_A_1__amount_4527230A__MEAN,36,0.05479800610592183,1.3418778052995934
TAX_REGISTRY_A_1__amount_4527230A__MEAN,37,0.04500993946625769,1.3418778052995934
TAX_REGISTRY_A_1__amount_4527230A__MEAN,38,0.08585835442936385,1.3418778052995934
TAX_REGISTRY_A_1__amount_4527230A__MEAN,39,0.05183933153762112,1.3418778052995934
TAX_REGISTRY_A_1__amount_4527230A__MEAN,40,0.04486557454198065,1.3418778052995934
TAX_REGISTRY_A_1__amount_4527230A__MEAN,41,0.04425323718445192,1.3418778052995934
TAX_REGISTRY_A_1__amount_4527230A__MEAN,42,0.07320345632844143,1.3418778052995934
TAX_REGISTRY_A_1__amount_4527230A__MEAN,43,0.06105086512541607,1.3418778052995934
TAX_REGISTRY_A_1__amount_4527230A__MEAN,44,0.07752644129236368,1.3418778052995934
TAX_REGISTRY_A_1__amount_4527230A__MEAN,45,0.04667758779336358,1.3418778052995934
TAX_REGISTRY_A_1__amount_4527230A__MEAN,46,0.08503033658130181,1.3418778052995934
TAX_REGISTRY_A_1__amount_4527230A__MEAN,47,0.09916051048489435,1.3418778052995934
TAX_REGISTRY_A_1__amount_4527230A__MEAN,48,0.04646715987387956,1.3418778052995934
TAX_REGISTRY_A_1__amount_4527230A__MEAN,49,0.07478620446848926,1.3418778052995934
TAX_REGISTRY_A_1__amount_4527230A__MEAN,50,0.05609162552311236,1.3418778052995934
TAX_REGISTRY_A_1__amount_4527230A__MEAN,51,0.06472107188917971,1.3418778052995934
TAX_REGISTRY_A_1__amount_4527230A__MEAN,52,0.08071105917905516,1.3418778052995934
TAX_REGISTRY_A_1__amount_4527230A__MEAN,53,0.06509833578799107,1.3418778052995934
TAX_REGISTRY_A_1__amount_4527230A__MEAN,54,0.03808146003743284,1.3418778052995934
APPLPREV_1__ROW_COUNT,0,0.035481976247943844,0.5528322146987749
APPLPREV_1__ROW_COUNT,1,0.02887732319702752,0.5528322146987749
APPLPREV_1__ROW_COUNT,2,0.03469808105897898,0.5528322146987749
APPLPREV_1__ROW_COUNT,3,0.026849645271799963,0.5528322146987749
APPLPREV_1__ROW_COUNT,4,0.015960792218196823,0.5528322146987749
APPLPREV_1__ROW_COUNT,5,0.021353090795451952,0.5528322146987749
APPLPREV_1__ROW_COUNT,6,0.018739556751160128,0.5528322146987749
APPLPREV_1__ROW_COUNT,7,0.0353897603439231,0.5528322146987749
APPLPREV_1__ROW_COUNT,8,0.03891402155083293,0.5528322146987749
APPLPREV_1__ROW_COUNT,9,0.019536606280578767,0.5528322146987749
APPLPREV_1__ROW_COUNT,10,0.02098950745095936,0.5528322146987749
APPLPREV_1__ROW_COUNT,11,0.028795595731927838,0.5528322146987749
APPLPREV_1__ROW_COUNT,12,0.03891919691718428,0.5528322146987749
APPLPREV_1__ROW_COUNT,13,0.030107957826411003,0.5528322146987749
APPLPREV_1__ROW_COUNT,14,0.0335038270134339,0.5528322146987749
APPLPREV_1__ROW_COUNT,15,0.023902347459502107,0.5528322146987749
APPLPREV_1__ROW_COUNT,16,0.039671209886579614,0.5528322146987749
APPLPREV_1__ROW_COUNT,17,0.05168354582293479,0.5528322146987749
APPLPREV_1__ROW_COUNT,18,0.04724181775820742,0.5528322146987749
APPLPREV_1__ROW_COUNT,19,0.02493114539401554,0.5528322146987749
APPLPREV_1__ROW_COUNT,20,0.019502209842940915,0.5528322146987749
APPLPREV_1__ROW_COUNT,21,0.045812202523327475,0.5528322146987749
APPLPREV_1__ROW_COUNT,22,0.04259146435056198,0.5528322146987749
APPLPREV_1__ROW_COUNT,23,0.08760106519673447,0.5528322146987749
APPLPREV_1__ROW_COUNT,24,0.05248794183899419,0.5528322146987749
APPLPREV_1__ROW_COUNT,25,0.031522058153933045,0.5528322146987749
APPLPREV_1__ROW_COUNT,26,0.05740791903671161,0.5528322146987749
APPLPREV_1__ROW_COUNT,27,0.04762950865800532,0.5528322146987749
APPLPREV_1__ROW_COUNT,28,0.08058741531741656,0.5528322146987749
APPLPREV_1__ROW_COUNT,29,0.05190851555256394,0.5528322146987749
APPLPREV_1__ROW_COUNT,30,0.02444439621217338,0.5528322146987749
APPLPREV_1__ROW_COUNT,31,0.028081368492208846,0.5528322146987749
APPLPREV_1__ROW_COUNT,32,0.06032513917973781,0.5528322146987749
APPLPREV_1__ROW_COUNT,33,0.019060141559315503,0.5528322146987749
APPLPREV_1__ROW_COUNT,34,0.016196748097390988,0.5528322146987749
APPLPREV_1__ROW_COUNT,35,0.017129567327724526,0.5528322146987749
APPLPREV_1__ROW_COUNT,36,0.02391599868089969,0.5528322146987749
APPLPREV_1__ROW_COUNT,37,0.057862817759188515,0.5528322146987749
APPLPREV_1__ROW_COUNT,38,0.055680757485512745,0.5528322146987749
APPLPREV_1__ROW_COUNT,39,0.07471426847329997,0.5528322146987749
APPLPREV_1__ROW_COUNT,40,0.03552556902370137,0.5528322146987749
APPLPREV_1__ROW_COUNT,41,0.04416032663706086,0.5528322146987749
APPLPREV_1__ROW_COUNT,42,0.060953121244064754,0.5528322146987749
APPLPREV_1__ROW_COUNT,43,0.06396297148869293,0.5528322146987749
APPLPREV_1__ROW_COUNT,44,0.062152600302328144,0.5528322146987749
APPLPREV_1__ROW_COUNT,45,0.05494614042345167,0.5528322146987749
APPLPREV_1__ROW_COUNT,46,0.05814440131066783,0.5528322146987749
APPLPREV_1__ROW_COUNT,47,0.13161264944034048,0.5528322146987749
APPLPREV_1__ROW_COUNT,48,0.041553410043961764,0.5528322146987749
APPLPREV_1__ROW_COUNT,49,0.06428697459801117,0.5528322146987749
APPLPREV_1__ROW_COUNT,50,0.03701535292267066,0.5528322146987749
APPLPREV_1__ROW_COUNT,51,0.0750443293529149,0.5528322146987749
APPLPREV_1__ROW_COUNT,52,0.09028218769897334,0.5528322146987749
APPLPREV_1__ROW_COUNT,53,0.13581348147727335,0.5528322146987749
APPLPREV_1__ROW_COUNT,54,0.06401867939160547,0.5528322146987749
