feature,category,count,bad_count,bad_rate,good_count,population_percent,bad_rate_percent
NAME_INCOME_TYPE,Working,158774,15224,0.09588471664126369,143550,51.63197414076245,9.588471664126368
NAME_INCOME_TYPE,Commercial associate,71617,5360,0.07484256531270508,66257,23.28924818949566,7.484256531270509
NAME_INCOME_TYPE,Pensioner,55362,2982,0.053863660994906255,52380,18.003258420024,5.386366099490625
NAME_INCOME_TYPE,State servant,21703,1249,0.05754964751416855,20454,7.057633710664009,5.754964751416855
NAME_INCOME_TYPE,Unemployed,22,8,0.36363636363636365,14,0.007154215621555002,36.36363636363637
NAME_INCOME_TYPE,Student,18,0,0.0,18,0.005853449144908637,0.0
NAME_INCOME_TYPE,Businessman,10,0,0.0,10,0.0032519161916159094,0.0
NAME_INCOME_TYPE,Maternity leave,5,2,0.4,3,0.0016259580958079547,40.0
NAME_FAMILY_STATUS,Married,196432,14850,0.07559868045939562,181582,63.87804013514964,7.559868045939562
NAME_FAMILY_STATUS,Single / not married,45444,4457,0.0980767538068832,40987,14.77800794117934,9.80767538068832
NAME_FAMILY_STATUS,Civil marriage,29775,2961,0.09944584382871537,26814,9.68258046053637,9.944584382871536
NAME_FAMILY_STATUS,Separated,19770,1620,0.0819423368740516,18150,6.429038310824653,8.19423368740516
NAME_FAMILY_STATUS,Widow,16088,937,0.058242168075584286,15151,5.231682769071676,5.824216807558429
NAME_FAMILY_STATUS,Unknown,2,0,0.0,2,0.0006503832383231819,0.0
OCCUPATION_TYPE,<MISSING>,96391,6278,0.06513056198192778,90113,31.345545362604916,6.5130561981927775
OCCUPATION_TYPE,Laborers,55186,5838,0.10578769977892943,49348,17.94602469505156,10.578769977892943
OCCUPATION_TYPE,Sales staff,32102,3092,0.0963179864182917,29010,10.439301358325395,9.631798641829171
OCCUPATION_TYPE,Core staff,27570,1738,0.06303953572723975,25832,8.965532940285064,6.303953572723975
OCCUPATION_TYPE,Managers,21371,1328,0.06214028356183613,20043,6.94967009310236,6.214028356183613
OCCUPATION_TYPE,Drivers,18603,2107,0.11326130194054722,16496,6.049539691263077,11.326130194054722
OCCUPATION_TYPE,High skill tech staff,11380,701,0.06159929701230228,10679,3.7006806260589054,6.1599297012302285
OCCUPATION_TYPE,Accountants,9813,474,0.04830327117089575,9339,3.1911053588326923,4.830327117089575
OCCUPATION_TYPE,Medicine staff,8537,572,0.06700245988052009,7965,2.776160852782502,6.700245988052009
OCCUPATION_TYPE,Security staff,6721,722,0.10742449040321381,5999,2.185612872385053,10.74244904032138
OCCUPATION_TYPE,Cooking staff,5946,621,0.10443995963673057,5325,1.9335893675348197,10.443995963673057
OCCUPATION_TYPE,Cleaning staff,4653,447,0.09606705351386202,4206,1.5131166039588828,9.606705351386202
OCCUPATION_TYPE,Private service staff,2652,175,0.06598793363499246,2477,0.8624081740165392,6.598793363499246
OCCUPATION_TYPE,Low-skill Laborers,2093,359,0.17152412804586717,1734,0.6806260589052099,17.152412804586717
OCCUPATION_TYPE,Waiters/barmen staff,1348,152,0.11275964391691394,1196,0.43835830262982467,11.275964391691394
OCCUPATION_TYPE,Secretaries,1305,92,0.07049808429118774,1213,0.42437506300587624,7.049808429118774
OCCUPATION_TYPE,Realty agents,751,59,0.07856191744340879,692,0.24421890599035484,7.8561917443408795
OCCUPATION_TYPE,HR staff,563,36,0.06394316163410302,527,0.1830828815879757,6.394316163410302
OCCUPATION_TYPE,IT staff,526,34,0.06463878326996197,492,0.17105079167899687,6.4638783269961975
NAME_EDUCATION_TYPE,Secondary / secondary special,218391,19524,0.08939928843221562,198867,71.01892290031901,8.939928843221562
NAME_EDUCATION_TYPE,Higher education,74863,4009,0.05355115344028425,70854,24.344820185294186,5.355115344028425
NAME_EDUCATION_TYPE,Incomplete higher,10277,872,0.08484966429891992,9405,3.3419942701236702,8.484966429891992
NAME_EDUCATION_TYPE,Lower secondary,3816,417,0.10927672955974843,3399,1.2409312187206312,10.927672955974844
NAME_EDUCATION_TYPE,Academic degree,164,3,0.018292682926829267,161,0.053331425542500914,1.8292682926829267
NAME_HOUSING_TYPE,House / apartment,272868,21272,0.07795710746588094,251596,88.73438673738501,7.795710746588094
NAME_HOUSING_TYPE,With parents,14840,1736,0.1169811320754717,13104,4.82584362835801,11.69811320754717
NAME_HOUSING_TYPE,Municipal apartment,11183,955,0.08539747831530001,10228,3.636617877084072,8.53974783153
NAME_HOUSING_TYPE,Rented apartment,4881,601,0.12313050604384347,4280,1.5872602931277255,12.313050604384348
NAME_HOUSING_TYPE,Office apartment,2617,172,0.06572411157814291,2445,0.8510264673458836,6.572411157814291
NAME_HOUSING_TYPE,Co-op apartment,1122,89,0.07932263814616755,1033,0.36486499669930506,7.932263814616755
ORGANIZATION_TYPE,Business Entity Type 3,67992,6323,0.09299623485115896,61669,22.110428570034895,9.299623485115896
ORGANIZATION_TYPE,XNA,55374,2990,0.05399646043269404,52384,18.00716071945394,5.399646043269405
ORGANIZATION_TYPE,Self-employed,38412,3908,0.10173903988336978,34504,12.491260475235032,10.173903988336978
ORGANIZATION_TYPE,Other,16683,1275,0.0764251033986693,15408,5.425171782472822,7.64251033986693
ORGANIZATION_TYPE,Medicine,11193,737,0.06584472438130974,10456,3.639869793275688,6.584472438130974
ORGANIZATION_TYPE,Business Entity Type 2,10553,900,0.08528380555292334,9653,3.4317471570122695,8.528380555292333
ORGANIZATION_TYPE,Government,10404,726,0.06978085351787774,9678,3.383293605757193,6.978085351787774
ORGANIZATION_TYPE,School,8893,526,0.05914764421455077,8367,2.8919290692040285,5.914764421455077
ORGANIZATION_TYPE,Trade: type 7,7831,740,0.09449623292044439,7091,2.546575569654419,9.44962329204444
ORGANIZATION_TYPE,Kindergarten,6880,484,0.07034883720930232,6396,2.237318339831746,7.034883720930233
ORGANIZATION_TYPE,Construction,6721,785,0.11679809552149978,5936,2.185612872385053,11.679809552149978
ORGANIZATION_TYPE,Business Entity Type 1,5984,487,0.0813836898395722,5497,1.9459466490629604,8.13836898395722
ORGANIZATION_TYPE,Transport: type 4,5398,501,0.0928121526491293,4897,1.7553843602342678,9.28121526491293
ORGANIZATION_TYPE,Trade: type 3,3492,361,0.1033791523482245,3131,1.1355691341122756,10.33791523482245
ORGANIZATION_TYPE,Industry: type 9,3368,225,0.06680522565320665,3143,1.0952453733362384,6.680522565320665
ORGANIZATION_TYPE,Industry: type 3,3278,348,0.10616229408175717,2930,1.0659781276116953,10.616229408175718
ORGANIZATION_TYPE,Security,3247,324,0.09978441638435478,2923,1.055897187417686,9.978441638435479
ORGANIZATION_TYPE,Housing,2958,235,0.07944557133198107,2723,0.9619168094799861,7.944557133198107
ORGANIZATION_TYPE,Industry: type 11,2704,234,0.08653846153846154,2470,0.8793181382129419,8.653846153846153
ORGANIZATION_TYPE,Military,2634,135,0.05125284738041002,2499,0.8565547248716306,5.125284738041002
ORGANIZATION_TYPE,Bank,2507,130,0.051854806541683285,2377,0.8152553892381086,5.1854806541683285
ORGANIZATION_TYPE,Agriculture,2454,257,0.10472697636511817,2197,0.7980202334225442,10.472697636511818
ORGANIZATION_TYPE,Police,2341,117,0.04997864160615122,2224,0.7612735804572844,4.997864160615122
ORGANIZATION_TYPE,Transport: type 2,2204,172,0.0780399274047187,2032,0.7167223286321465,7.80399274047187
ORGANIZATION_TYPE,Postal,2157,182,0.08437644877144182,1975,0.7014383225315517,8.437644877144182
ORGANIZATION_TYPE,Security Ministries,1974,96,0.0486322188449848,1878,0.6419282562249806,4.86322188449848
ORGANIZATION_TYPE,Trade: type 2,1900,133,0.07,1767,0.6178640764070228,7.000000000000001
ORGANIZATION_TYPE,Restaurant,1811,212,0.11706239646604086,1599,0.5889220223016413,11.706239646604086
ORGANIZATION_TYPE,Services,1575,104,0.06603174603174604,1471,0.5121768001795057,6.603174603174604
ORGANIZATION_TYPE,University,1327,65,0.048982667671439335,1262,0.43152927862743123,4.898266767143934
ORGANIZATION_TYPE,Industry: type 7,1307,105,0.08033664881407804,1202,0.42502544624419936,8.033664881407804
ORGANIZATION_TYPE,Transport: type 3,1187,187,0.15754001684919966,1000,0.3860024519448085,15.754001684919967
ORGANIZATION_TYPE,Industry: type 1,1039,115,0.11068334937439846,924,0.33787409230889304,11.068334937439845
ORGANIZATION_TYPE,Hotel,966,62,0.06418219461697723,904,0.3141351041100969,6.418219461697723
ORGANIZATION_TYPE,Electricity,950,63,0.06631578947368422,887,0.3089320382035114,6.631578947368421
ORGANIZATION_TYPE,Industry: type 4,877,89,0.10148232611174458,788,0.2851930500047153,10.148232611174459
ORGANIZATION_TYPE,Trade: type 6,631,29,0.04595879556259905,602,0.2051959116909639,4.595879556259905
ORGANIZATION_TYPE,Industry: type 5,599,41,0.06844741235392321,558,0.194789779877793,6.844741235392321
ORGANIZATION_TYPE,Insurance,597,34,0.05695142378559464,563,0.1941393966394698,5.6951423785594635
ORGANIZATION_TYPE,Telecom,577,44,0.07625649913344887,533,0.187635564256238,7.625649913344887
ORGANIZATION_TYPE,Emergency,560,40,0.07142857142857142,520,0.18210730673049094,7.142857142857142
ORGANIZATION_TYPE,Industry: type 2,458,33,0.07205240174672489,425,0.14893776157600866,7.20524017467249
ORGANIZATION_TYPE,Advertising,429,35,0.08158508158508158,394,0.13950720462032254,8.158508158508159
ORGANIZATION_TYPE,Realtor,396,42,0.10606060606060606,354,0.12877588118799002,10.606060606060606
ORGANIZATION_TYPE,Culture,379,21,0.055408970976253295,358,0.12324762366224297,5.540897097625329
ORGANIZATION_TYPE,Industry: type 12,369,14,0.037940379403794036,355,0.11999570747062707,3.7940379403794036
ORGANIZATION_TYPE,Trade: type 1,348,31,0.08908045977011494,317,0.11316668346823366,8.908045977011495
ORGANIZATION_TYPE,Mobile,317,29,0.0914826498422713,288,0.10308574327422433,9.14826498422713
ORGANIZATION_TYPE,Legal Services,305,24,0.07868852459016394,281,0.09918344384428524,7.868852459016394
ORGANIZATION_TYPE,Cleaning,260,29,0.11153846153846154,231,0.08454982098201365,11.153846153846155
ORGANIZATION_TYPE,Transport: type 1,201,9,0.04477611940298507,192,0.06536351545147978,4.477611940298507
ORGANIZATION_TYPE,Industry: type 6,112,8,0.07142857142857142,104,0.03642146134609819,7.142857142857142
ORGANIZATION_TYPE,Industry: type 10,109,7,0.06422018348623854,102,0.035445886488613416,6.422018348623854
ORGANIZATION_TYPE,Religion,85,5,0.058823529411764705,80,0.02764128762873523,5.88235294117647
ORGANIZATION_TYPE,Industry: type 13,67,9,0.13432835820895522,58,0.021787838483826594,13.432835820895523
ORGANIZATION_TYPE,Trade: type 4,64,2,0.03125,62,0.02081226362634182,3.125
ORGANIZATION_TYPE,Trade: type 5,49,3,0.061224489795918366,46,0.015934389338917956,6.122448979591836
ORGANIZATION_TYPE,Industry: type 8,24,3,0.125,21,0.007804598859878184,12.5
NAME_TYPE_SUITE,Unaccompanied,248526,20337,0.08183047246565751,228189,80.81857234375356,8.183047246565751
NAME_TYPE_SUITE,Family,40149,3009,0.07494582679518792,37140,13.056118317718715,7.494582679518793
NAME_TYPE_SUITE,"Spouse, partner",11370,895,0.07871591908531222,10475,3.697428709867289,7.871591908531222
NAME_TYPE_SUITE,Children,3267,241,0.07376798285889195,3026,1.0624010198009177,7.376798285889195
NAME_TYPE_SUITE,Other_B,1770,174,0.09830508474576272,1596,0.575589165916016,9.830508474576272
NAME_TYPE_SUITE,<MISSING>,1292,70,0.05417956656346749,1222,0.42014757195677555,5.41795665634675
NAME_TYPE_SUITE,Other_A,866,76,0.08775981524249422,790,0.2816159421939378,8.775981524249422
NAME_TYPE_SUITE,Group of people,271,23,0.08487084870848709,248,0.08812692879279115,8.487084870848708
