feature,bin,total,bad,good,dist_good,dist_bad,woe,iv_component,iv,coefficient,log_odds_contribution,points
EXT_SOURCE_3,"(-inf, 0.16]",7938,1785,6153,0.03627932753390777,0.11984427962546565,-1.1949451406656255,0.09985553343176287,0.32572155449752055,-0.7111154327470768,0.8497439308134528,-29
EXT_SOURCE_3,"(0.16, 0.316]",19243,2760,16483,0.09718213949868673,0.18528710944054771,-0.6453196204125246,0.05685586575933862,0.32572155449752055,-0.7111154327470768,0.4588967411298317,-3
EXT_SOURCE_3,"(0.316, 0.414]",18602,1849,16753,0.09877398453552025,0.12414001409537873,-0.22857581886703146,0.005798060978049977,0.32572155449752055,-0.7111154327470768,0.1625437923491465,17
EXT_SOURCE_3,"(0.414, 0.502]",19776,1455,18321,0.10801847719387199,0.09769439876497633,0.10045807117638897,0.0010371370056406217,0.32572155449752055,-0.7111154327470768,-0.07143728475753448,33
EXT_SOURCE_3,"(0.502, 0.637]",36841,1970,34871,0.20559268222940846,0.13226163707755814,0.4411148807859121,0.03234741524006479,0.32572155449752055,-0.7111154327470768,-0.31368359934124906,50
EXT_SOURCE_3,"(0.637, inf]",45546,1658,43888,0.25875441073728955,0.11131993153673189,0.8434710691176681,0.12435671779610097,0.32572155449752055,-0.7111154327470768,-0.5998052943252501,71
EXT_SOURCE_3,MISSING,36560,3418,33142,0.19539897827131525,0.22945262945934156,-0.1606530899243577,0.005470824286562701,0.32572155449752055,-0.7111154327470768,0.11424289156371467,21
EXT_SOURCE_2,"(-inf, 0.137]",9514,2078,7436,0.04384353932004634,0.13951068899553645,-1.1575138499035533,0.11073605073017603,0.31224672556338007,-0.7677896698539044,0.8887271766687711,-32
EXT_SOURCE_2,"(0.137, 0.354]",29630,3795,25835,0.15231893499671315,0.2547571903211733,-0.5143343175762389,0.05268751014600673,0.31224672556338007,-0.7677896698539044,0.3949005758863937,2
EXT_SOURCE_2,"(0.354, 0.488]",27608,2552,25056,0.1477261672793305,0.1713259724133302,-0.14820767439078122,0.0034976722349857148,0.31224672556338007,-0.7677896698539044,0.11379232139031288,21
EXT_SOURCE_2,"(0.488, 0.616]",47214,3358,43856,0.258565747621813,0.22542537839379803,0.13716081647570266,0.004545560101620785,0.31224672556338007,-0.7677896698539044,-0.10531065799877172,35
EXT_SOURCE_2,"(0.616, 0.705]",44296,2280,42016,0.24771761848191046,0.15306910091619963,0.4814000028649311,0.04556379662729468,0.31224672556338007,-0.7677896698539044,-0.3696139492673341,53
EXT_SOURCE_2,"(0.705, inf]",25831,798,25033,0.1475905656650817,0.053595999597274895,1.0129675609529862,0.09521344633254057,0.31224672556338007,-0.7677896698539044,-0.7777460291968081,81
EXT_SOURCE_2,MISSING,413,34,379,0.0022374266351048995,0.0023156693626875187,-0.03437240544514316,2.6893907556036737e-06,0.31224672556338007,-0.7677896698539044,0.026390777828811014,27
EXT_SOURCE_1,"(-inf, 0.178]",5445,1030,4415,0.026032562074586783,0.0691680370507098,-0.9771907216651704,0.04215158592128755,0.14921025972156252,-0.599587157313238,0.5859110069560911,-11
EXT_SOURCE_1,"(0.178, 0.271]",8085,1012,7073,0.041703392103859045,0.06795986173104675,-0.4883347913252188,0.012821947616329652,0.14921025972156252,-0.599587157313238,0.2927992693478412,8
EXT_SOURCE_1,"(0.271, 0.405]",14940,1439,13501,0.07960109542521424,0.09662046514749807,-0.19376271893049474,0.003297719351873055,0.14921025972156252,-0.599587157313238,0.11617763783681927,20
EXT_SOURCE_1,"(0.405, 0.53]",14784,1012,13772,0.0811988361844064,0.06795986173104675,0.17798365212266376,0.0023563210235675977,0.14921025972156252,-0.599587157313238,-0.10671671202445622,36
EXT_SOURCE_1,"(0.53, 0.642]",13434,730,12704,0.07490220470537601,0.049031781722992246,0.42371463096077533,0.010961676726779897,0.14921025972156252,-0.599587157313238,-0.25405385108979894,46
EXT_SOURCE_1,"(0.642, inf]",23775,800,22975,0.13545716905099506,0.05373024129945968,0.9246794990924353,0.07557121461565339,0.14921025972156252,-0.599587157313238,-0.5544259522866621,66
EXT_SOURCE_1,MISSING,104043,8872,95171,0.5611047404555625,0.5955297513172467,-0.05954375655267611,0.0020497944660713583,0.14921025972156252,-0.599587157313238,0.03570167172717056,26
BUREAU_DAYS_CREDIT_MEAN,"(-inf, -1190.275]",63620,3395,60225,0.3550728269104351,0.22790884988421653,0.4433771468513322,0.05638160131615316,0.12203833229108933,-0.27101166488875583,-0.12016037874180593,36
BUREAU_DAYS_CREDIT_MEAN,"(-1190.275, -898.683]",31576,2203,29373,0.17317800070159095,0.14790079538208545,0.1577782237873157,0.003988192557618866,0.12203833229108933,-0.27101166488875583,-0.04275973911179113,31
BUREAU_DAYS_CREDIT_MEAN,"(-898.683, -716.955]",18364,1509,16855,0.0993753482161018,0.1013189247239655,-0.019369135374340513,3.7645396491199955e-05,0.12203833229108933,-0.27101166488875583,0.005249261625255717,28
BUREAU_DAYS_CREDIT_MEAN,"(-716.955, -540.191]",15522,1468,14054,0.08286142988954365,0.09856696982917744,-0.17356652070298223,0.002725955923083963,0.12203833229108933,-0.27101166488875583,0.04703855174466392,25
BUREAU_DAYS_CREDIT_MEAN,"(-540.191, -336.417]",15439,1702,13737,0.08099248590185391,0.11427324898479713,-0.3442361175553042,0.011456440672950268,0.12203833229108933,-0.27101166488875583,0.09329200333350446,22
BUREAU_DAYS_CREDIT_MEAN,"(-336.417, inf]",13607,1899,11708,0.06903006523616789,0.12749605664999833,-0.6135432981291269,0.035871417200430744,0.12203833229108933,-0.27101166488875583,0.16627739070731296,17
BUREAU_DAYS_CREDIT_MEAN,MISSING,26378,2719,23659,0.13948984314430665,0.18253515454575964,-0.2689509925108906,0.011577079224361136,0.12203833229108933,-0.27101166488875583,0.07288885625385977,23
DAYS_EMPLOYED,"(-inf, 1297.5]",62576,6908,55668,0.32820602012210043,0.4637043997717891,-0.34560575842003555,0.04682902026351657,0.11592567319102373,-0.28367274284787886,0.09803893343503288,22
DAYS_EMPLOYED,"(1297.5, 1795.5]",18208,1666,16542,0.09752998711784665,0.11185689834547102,-0.13706047010509356,0.00196365318801214,0.11592567319102373,-0.28367274284787886,0.03888031949073159,26
DAYS_EMPLOYED,"(1795.5, 3070.5]",30614,2357,28257,0.16659837454934573,0.15823740645031378,0.05148949531375999,0.0004305020277536022,0.11592567319102373,-0.28367274284787886,-0.014606166363507303,29
DAYS_EMPLOYED,"(3070.5, 3936.5]",12750,833,11917,0.07026227120912422,0.05594522938550861,0.22786180664461822,0.003262307015735612,0.11592567319102373,-0.28367274284787886,-0.06463818368115187,33
DAYS_EMPLOYED,"(3936.5, 6619.5]",17504,948,16556,0.09761252723086765,0.06366412726113367,0.427384585325543,0.014509022843530433,0.11592567319102373,-0.28367274284787886,-0.1212373575702001,37
DAYS_EMPLOYED,"(6619.5, inf]",9629,386,9243,0.054497109622113675,0.02594220894720945,0.7422763345215099,0.021195627005593697,0.11592567319102373,-0.28367274284787886,-0.21056356376478638,43
DAYS_EMPLOYED,MISSING,33225,1797,31428,0.1852937101486017,0.12064972983857436,0.42905063571061436,0.02773554084688166,0.11592567319102373,-0.28367274284787886,-0.12170997065265605,37
EMPLOYED_BIRTH_RATIO,"(-inf, 0.0924]",61232,6525,54707,0.32254023093544476,0.437997113803403,-0.30598444532258107,0.03532801026302641,0.09400295602943246,-0.3252643958375725,0.09952584574354406,22
EMPLOYED_BIRTH_RATIO,"(0.0924, 0.161]",33242,2952,30290,0.1785843781044663,0.19817431285028694,-0.10408581533193653,0.0020390343303181733,0.09400295602943246,-0.3252643958375725,0.033855409839203474,26
EMPLOYED_BIRTH_RATIO,"(0.161, 0.219]",18670,1419,17251,0.1017100542701243,0.09527804812565023,0.06532672104420616,0.0004201818711546779,0.09400295602943246,-0.3252643958375725,-0.021248456452493347,30
EMPLOYED_BIRTH_RATIO,"(0.219, 0.311]",18640,1229,17411,0.10265336984750714,0.08252508641809578,0.21825564653195553,0.004393111513464625,0.09400295602943246,-0.3252643958375725,-0.0709907910073553,33
EMPLOYED_BIRTH_RATIO,"(0.311, 0.402]",9412,532,8880,0.05235696240592638,0.03574185320669866,0.38176256488028765,0.006343026703663237,0.09400295602943246,-0.3252643958375725,-0.12417377001918883,37
EMPLOYED_BIRTH_RATIO,"(0.402, inf]",10085,441,9644,0.056861294287929395,0.029633855757291,0.6516973853767666,0.01774405050092367,0.09400295602943246,-0.3252643958375725,-0.21197395632349963,43
EMPLOYED_BIRTH_RATIO,MISSING,33225,1797,31428,0.1852937101486017,0.12064972983857436,0.42905063571061436,0.02773554084688166,0.09400295602943246,-0.3252643958375725,-0.13955489580813937,38
PREV_REFUSED_RATIO,"(-inf, 0.0889]",115660,8182,107478,0.633663395523378,0.5492163640634963,0.1430254219283383,0.012078072305145246,0.06851445119864898,-0.2806618379247137,-0.040141777788365085,31
PREV_REFUSED_RATIO,"(0.0889, 0.155]",8873,643,8230,0.048524742872808634,0.04319226767795416,0.11641233988744475,0.0006207659148247674,0.06851445119864898,-0.2806618379247137,-0.032672501269926706,31
PREV_REFUSED_RATIO,"(0.155, 0.208]",9933,836,9097,0.05363633415775184,0.05614659193878578,-0.04573926918407748,0.00011481735636813644,0.06851445119864898,-0.2806618379247137,0.012837267354536407,27
PREV_REFUSED_RATIO,"(0.208, 0.28]",9316,837,8479,0.04999277774011066,0.056213712789878176,-0.11728217715928002,0.000729604806603208,0.06851445119864898,-0.2806618379247137,0.03291663139733541,26
PREV_REFUSED_RATIO,"(0.28, 0.436]",16327,1748,14579,0.08595668412783106,0.11736080813504715,-0.3114095233251444,0.009779543287530886,0.06851445119864898,-0.2806618379247137,0.08740076916369403,22
PREV_REFUSED_RATIO,"(0.436, inf]",14614,2063,12551,0.07400015918450369,0.13850387622915059,-0.6268310681060444,0.04043293385190608,0.06851445119864898,-0.2806618379247137,0.1759275596429538,16
PREV_REFUSED_RATIO,MISSING,9783,586,9197,0.05422590639361611,0.03936637916568782,0.3202466406418855,0.004758713676270665,0.06851445119864898,-0.2806618379247137,-0.08988101075176691,34
CC_UTILIZATION_MEAN,"(-inf, 0.118]",20811,1118,19693,0.11610740826992975,0.07507467194684028,0.43603245186857675,0.017891604625833512,0.06692851797656195,-0.39109062531082517,-0.17052820425709397,40
CC_UTILIZATION_MEAN,"(0.118, 0.425]",12034,886,11148,0.065728460715328,0.05950263449340538,0.09951143493264897,0.0006195409009848321,0.06692851797656195,-0.39109062531082517,-0.03891798931338718,31
CC_UTILIZATION_MEAN,"(0.425, 0.55]",4657,457,4200,0.024764981767478607,0.03070778937476927,-0.21508571815418773,0.0012782130420662824,0.06692851797656195,-0.39109062531082517,0.08411800800834918,23
CC_UTILIZATION_MEAN,"(0.55, 0.822]",8777,1023,7754,0.045718379030094715,0.06869819109306306,-0.4072224843453504,0.009357896158071222,0.06692851797656195,-0.39109062531082517,0.1592608960432508,18
CC_UTILIZATION_MEAN,"(0.822, 0.917]",2926,465,2461,0.014512320585798974,0.03124475618350841,-0.7668535757623802,0.01283132806931722,0.06692851797656195,-0.39109062531082517,0.29990924446675155,8
CC_UTILIZATION_MEAN,"(0.917, inf]",2597,524,2073,0.012224780310645611,0.035204886397959524,-1.0577198263934295,0.024306513821176264,0.06692851797656195,-0.39109062531082517,0.41366430830786377,0
CC_UTILIZATION_MEAN,MISSING,132704,10422,122282,0.7209436693207244,0.6995670705104541,0.030099332677913364,0.0006434213591126134,0.06692851797656195,-0.39109062531082517,-0.011771566838443692,29
PREV_APPROVED_RATIO,"(-inf, 0.279]",8828,1214,7614,0.04489297789988474,0.08151827365170991,-0.5965458233939954,0.02184866721132115,0.062134078762019616,-0.35639885598883525,0.21260824900253772,14
PREV_APPROVED_RATIO,"(0.279, 0.431]",17057,1999,15058,0.0887807351376209,0.1342081417592375,-0.4132222117306958,0.01877161343737407,0.062134078762019616,-0.35639885598883525,0.14727192352999624,18
PREV_APPROVED_RATIO,"(0.431, 0.537]",21041,1953,19088,0.11254049624295093,0.13112058260898748,-0.15280425427628228,0.002839116241551136,0.062134078762019616,-0.35639885598883525,0.05445926141429409,25
PREV_APPROVED_RATIO,"(0.537, 0.612]",10325,857,9468,0.05582364715280828,0.05755612981172601,-0.030563078580648963,5.295000364411434e-05,0.062134078762019616,-0.35639885598883525,0.010892646241640165,28
PREV_APPROVED_RATIO,"(0.612, 0.679]",16253,1261,14992,0.08839161746195048,0.08467295365305232,0.04298090871803877,0.00015983154972332652,0.062134078762019616,-0.35639885598883525,-0.015318346696469575,29
PREV_APPROVED_RATIO,"(0.679, inf]",101219,7025,94194,0.5553446197111686,0.47155753934959893,0.16354772815810342,0.013703186642135155,0.062134078762019616,-0.35639885598883525,-0.05828822321512108,32
PREV_APPROVED_RATIO,MISSING,9783,586,9197,0.05422590639361611,0.03936637916568782,0.3202466406418855,0.004758713676270665,0.062134078762019616,-0.35639885598883525,-0.11413553635903563,36
INS_PAYMENT_PERC_MEAN,"(-inf, 0.8]",10135,1319,8816,0.05197963617497325,0.08856596301641105,-0.5328955893389143,0.01949669220391414,0.05545649515347181,-0.25734614839517683,0.13713862741314747,19
INS_PAYMENT_PERC_MEAN,"(0.8, 0.907]",16723,1829,14894,0.0878138366708035,0.1227975970735309,-0.33531836643033486,0.011730697389832784,0.05545649515347181,-0.25734614839517683,0.08629289008700923,22
INS_PAYMENT_PERC_MEAN,"(0.907, 0.935]",9242,953,8289,0.04887259049196855,0.06399973151659563,-0.2696621706044677,0.00407921768374083,0.05545649515347181,-0.25734614839517683,0.06939652097294283,24
INS_PAYMENT_PERC_MEAN,"(0.935, 0.978]",21203,1848,19355,0.11411465411270852,0.12407289324428633,-0.0836655608240637,0.0008331616617635948,0.05545649515347181,-0.25734614839517683,0.021531009831395193,27
INS_PAYMENT_PERC_MEAN,"(0.978, 1.096]",103488,7551,95937,0.5656208637822827,0.506863107024197,0.10968304051374328,0.0064447294149937865,0.05545649515347181,-0.25734614839517683,-0.02822650802048397,30
INS_PAYMENT_PERC_MEAN,"(1.096, inf]",14287,841,13446,0.07927683069548888,0.05648219619424774,0.3390204362433911,0.007727846932619425,0.05545649515347181,-0.25734614839517683,-0.08724560349448932,34
INS_PAYMENT_PERC_MEAN,MISSING,9428,554,8874,0.052321588071774526,0.03721851193073128,0.3406027896944659,0.005144149866607258,0.05545649515347181,-0.25734614839517683,-0.08765281606052322,34
INS_DPD_MEAN,"(-inf, 0.0256]",84997,5708,79289,0.4674688779555993,0.3831593784609189,0.19888174092122296,0.01676762003569901,0.05377454218697467,-0.48236058174311675,-0.09593271224884493,35
INS_DPD_MEAN,"(0.0256, 0.0814]",10011,741,9270,0.05465629412579703,0.049770111085008555,0.09364975471640752,0.00045758984326931066,0.05377454218697467,-0.48236058174311675,-0.04517295016510652,31
INS_DPD_MEAN,"(0.0814, 0.397]",29957,2565,27392,0.1614985747091198,0.1721985434775313,-0.0641518163459849,0.000686422431338909,0.05377454218697467,-0.48236058174311675,0.03094430745252686,26
INS_DPD_MEAN,"(0.397, 0.629]",10861,1029,9832,0.05796969009135422,0.0691009161996174,-0.17564770040539313,0.0019551742686089017,0.05377454218697467,-0.48236058174311675,0.0847255269493861,23
INS_DPD_MEAN,"(0.629, 1.929]",22514,2342,20172,0.1189314592797196,0.15723059368392792,-0.2791661226334294,0.010691820851839414,0.05377454218697467,-0.48236058174311675,0.13465873331643127,19
INS_DPD_MEAN,"(1.929, inf]",16742,1956,14786,0.08717709865607008,0.13132194516226467,-0.40971023857700006,0.018086595593998032,0.05377454218697467,-0.48236058174311675,0.1976280690261129,15
INS_DPD_MEAN,MISSING,9424,554,8870,0.05229800518233995,0.03721851193073128,0.34015195846676793,0.0051293191622211,0.05377454218697467,-0.48236058174311675,-0.16407589656709068,39
REGION_RATING_CLIENT_W_CITY,"(-inf, 1.5]",20527,970,19557,0.11530660975279018,0.06514734510304088,0.5709431999839613,0.028638091067970255,0.053724392030028545,-0.25770756841231174,-0.14713638376941088,38
REGION_RATING_CLIENT_W_CITY,"(1.5, 2.5]",137572,10909,126663,0.7467794331802398,0.7323286567765321,0.01954047349303913,0.00028237501327048407,0.053724392030028545,-0.25770756841231174,-0.005035727909516345,29
REGION_RATING_CLIENT_W_CITY,"(2.5, inf]",26407,3016,23391,0.1379110091797209,0.20249043431563402,-0.38408403135496716,0.024803925948787806,0.053724392030028545,-0.25770756841231174,0.09898136178648669,22
REGION_RATING_CLIENT_W_CITY,MISSING,0,0,0,2.947887249208492e-06,3.3563804792911326e-05,-0.38408403135496716,0.0,0.053724392030028545,-0.25770756841231174,0.09898136178648669,22
REGION_RATING_CLIENT,"(-inf, 1.5]",19308,907,18401,0.10849109443262014,0.060918305699134055,0.5771343749082756,0.027455891688343947,0.05062357537788176,-0.10270957506989835,-0.05927722640506039,32
REGION_RATING_CLIENT,"(1.5, 2.5]",136096,10755,125341,0.7389852192933325,0.7219910049003155,0.0232652395635349,0.0003953744690476124,0.05062357537788176,-0.10270957506989835,-0.0023895628694700567,28
REGION_RATING_CLIENT,"(2.5, inf]",29102,3233,25869,0.1525207383867982,0.21705712559575754,-0.352859994265821,0.0227723092204902,0.05062357537788176,-0.10270957506989835,0.03624210007020924,26
REGION_RATING_CLIENT,MISSING,0,0,0,2.947887249208492e-06,3.3563804792911326e-05,-0.352859994265821,0.0,0.05062357537788176,-0.10270957506989835,0.03624210007020924,26
CC_UTILIZATION_MAX,"(-inf, 0.00171]",16099,853,15246,0.08988913094104573,0.057287646407356445,0.45049202701979074,0.014686708851436041,0.04976846606425214,-0.37162240298975,-0.16741292960881804,40
CC_UTILIZATION_MAX,"(0.00171, 0.827]",6937,406,6531,0.03850791058547471,0.02728462596905729,0.34454029769523903,0.0038668738228588547,0.04976846606425214,-0.37162240298975,-0.12803889335630855,37
CC_UTILIZATION_MAX,"(0.827, 0.99]",5247,446,4801,0.028308310905022862,0.02996946001275296,-0.057023430482040026,9.472442066495016e-05,0.04976846606425214,-0.37162240298975,0.021191184262454674,27
CC_UTILIZATION_MAX,"(0.99, 1.038]",8759,883,7876,0.04643765715784912,0.0593012719401282,-0.24452004825724116,0.0031454117073254407,0.04976846606425214,-0.37162240298975,0.0908691279125256,22
CC_UTILIZATION_MAX,"(1.038, 1.093]",12169,1478,10691,0.06303411559742829,0.09923817834010135,-0.45384670530635557,0.016431094594466747,0.04976846606425214,-0.37162240298975,0.1686596032149288,17
CC_UTILIZATION_MAX,"(1.093, inf]",2591,407,2184,0.01287920549245495,0.02735174682014968,-0.7531663625329406,0.010900231308387494,0.04976846606425214,-0.37162240298975,0.2798934934955406,9
CC_UTILIZATION_MAX,MISSING,132704,10422,122282,0.7209436693207244,0.6995670705104541,0.030099332677913364,0.0006434213591126134,0.04976846606425214,-0.37162240298975,-0.011185586338154072,29
INS_PAYMENT_DIFF_MEAN,"(-inf, -1426.948]",14716,850,13866,0.08175303408611882,0.05708628385407927,0.3591390481988142,0.008858793200492565,0.04969919303482176,-0.11615174348804787,-0.04171462660293033,31
INS_PAYMENT_DIFF_MEAN,"(-1426.948, 196.096]",104751,7692,97059,0.5722358642686799,0.5163271470282244,0.10281068605351817,0.005748013575863394,0.04969919303482176,-0.11615174348804787,-0.011941640434318463,29
INS_PAYMENT_DIFF_MEAN,"(196.096, 432.129]",11227,1023,10204,0.060162898808769294,0.06869819109306306,-0.13266700489163283,0.0011323516632319173,0.04969919303482176,-0.11615174348804787,0.015409503921500528,27
INS_PAYMENT_DIFF_MEAN,"(432.129, 869.523]",13974,1392,12582,0.07418292657762161,0.09346578514615565,-0.2310614113944376,0.004455524516564799,0.04969919303482176,-0.11615174348804787,0.026838185786273016,27
INS_PAYMENT_DIFF_MEAN,"(869.523, 1557.255]",12098,1289,10809,0.06372981083574812,0.08655233748363929,-0.3060968474703941,0.006985903458228548,0.04969919303482176,-0.11615174348804787,0.035553682509881335,26
INS_PAYMENT_DIFF_MEAN,"(1557.255, inf]",18313,2095,16218,0.09561977307364641,0.14065174346410714,-0.38590730063733053,0.017378166135762894,0.04969919303482176,-0.11615174348804787,0.044823805793792186,25
INS_PAYMENT_DIFF_MEAN,MISSING,9427,554,8873,0.05231569234941588,0.03721851193073128,0.34049010094068416,0.0051404404846776405,0.04969919303482176,-0.11615174348804787,-0.03954851886468187,31
FLOORSMAX_AVG,"(-inf, 0.118]",15169,1362,13807,0.08140542643885529,0.09145522888978386,-0.11640761612875568,0.0011698735458775208,0.036017146050206526,-0.10178521659327482,0.011848574420772187,28
FLOORSMAX_AVG,"(0.118, 0.168]",41848,3069,38779,0.2286338391878029,0.20603436702913142,0.10407878323533375,0.0023521255640353285,0.036017146050206526,-0.10178521659327482,-0.010593681494372946,29
FLOORSMAX_AVG,"(0.168, 0.366]",23755,1464,22291,0.13142488237999223,0.09830178547456034,0.29039326123224635,0.009618724132480093,0.036017146050206526,-0.10178521659327482,-0.029557740991751628,30
FLOORSMAX_AVG,"(0.366, 0.474]",7356,399,6957,0.04101960923037013,0.026815679957041212,0.42506343682701714,0.006037570993369067,0.036017146050206526,-0.10178521659327482,-0.04326517398331973,31
FLOORSMAX_AVG,"(0.474, inf]",4705,217,4488,0.026463027816100087,0.01459927507047926,0.594776707301305,0.007056283794277173,0.036017146050206526,-0.10178521659327482,-0.060539475977298154,32
FLOORSMAX_AVG,MISSING,91673,8384,83289,0.49105321494687937,0.5627936635790038,-0.13636056376411942,0.009782568020167344,0.036017146050206526,-0.10178521659327482,0.013879489517511957,27
FLOORSMAX_MEDI,"(-inf, 0.115]",15143,1355,13788,0.08129340738382444,0.09098536716337763,-0.11263376990870086,0.0010916419677745766,0.035783042201775965,-0.09143117689631834,0.010298238141021645,28
FLOORSMAX_MEDI,"(0.115, 0.198]",42892,3143,39749,0.23435270673411393,0.21100147670828298,0.1049621421971993,0.0024509951264507783,0.035783042201775965,-0.09143117689631834,-0.00959681219064865,29
FLOORSMAX_MEDI,"(0.198, 0.344]",22546,1382,21164,0.12478038369474218,0.09279769096523023,0.2961335040053916,0.009471146865518134,0.035783042201775965,-0.09143117689631834,-0.02707583478964356,30
FLOORSMAX_MEDI,"(0.344, 0.469]",7579,417,7162,0.042228235876755456,0.028023895824942944,0.4100315253653856,0.005824227218253325,0.035783042201775965,-0.09143117689631834,-0.03748966492874981,31
FLOORSMAX_MEDI,"(0.469, inf]",4673,214,4459,0.0262920513636846,0.014397905759162303,0.6021839013714911,0.00716246300361181,0.035783042201775965,-0.09143117689631834,-0.05505838281041192,32
FLOORSMAX_MEDI,MISSING,91673,8384,83289,0.49105321494687937,0.5627936635790038,-0.13636056376411942,0.009782568020167344,0.035783042201775965,-0.09143117689631834,0.0124676068271989,27
FLOORSMAX_MODE,"(-inf, 0.0625]",11388,1041,10347,0.061005987106055204,0.06990636641272611,-0.13618471532165294,0.0012120956221337088,0.035052693625603246,-0.07168502924735687,0.00976240530087566,28
FLOORSMAX_MODE,"(0.0625, 0.146]",8490,689,7801,0.04599547798095092,0.04627982682820418,-0.006163073595633476,1.7524628724554098e-06,0.035052693625603246,-0.07168502924735687,0.0004418001109565986,28
FLOORSMAX_MODE,"(0.146, 0.188]",39490,2836,36654,0.21610475519486835,0.19038829412356947,0.1266976278506558,0.0032582146144473027,0.035052693625603246,-0.07168502924735687,-0.009082323158044997,29
FLOORSMAX_MODE,"(0.188, 0.354]",22099,1358,20741,0.12228612530178729,0.09118367620901432,0.2934876960699188,0.009128186126369873,0.035052693625603246,-0.07168502924735687,-0.021038674076511513,30
FLOORSMAX_MODE,"(0.354, 0.438]",5205,286,4919,0.029004006143342698,0.019230123837970264,0.4109559639075122,0.0040166352239229056,0.035052693625603246,-0.07168502924735687,-0.029459390292085746,30
FLOORSMAX_MODE,"(0.438, inf]",6161,301,5860,0.034551880882825466,0.020236936604356142,0.5349525087524811,0.007657815354419141,0.035052693625603246,-0.07168502924735687,-0.03834808623586854,31
FLOORSMAX_MODE,MISSING,91673,8384,83289,0.49105176739017004,0.5627747759841595,-0.13632995064093387,0.009777994221437856,0.035052693625603246,-0.07168502924735687,0.009772816498986063,28
TOTALAREA_MODE,"(-inf, 0.016]",11811,1083,10728,0.06325225732469807,0.07272544215860657,-0.13956046833479172,0.0013220821120423173,0.03425852266204915,-0.1546775218978802,0.021586867396933163,27
TOTALAREA_MODE,"(0.016, 0.0286]",5772,481,5291,0.03119721486075778,0.03231868980098668,-0.03531687094791481,3.96069857353845e-05,0.03425852266204915,-0.1546775218978802,0.005462726079410702,28
TOTALAREA_MODE,"(0.0286, 0.0857]",40894,2895,37999,0.22403450176724277,0.1943484243380206,0.14214751581786192,0.004219802160940631,0.03425852266204915,-0.1546775218978802,-0.02198702549064661,30
TOTALAREA_MODE,"(0.0857, 0.144]",15816,1057,14759,0.08701791415238673,0.07098030003020438,0.20371163307798112,0.00326704856350426,0.03425852266204915,-0.1546775218978802,-0.031509610586272364,30
TOTALAREA_MODE,"(0.144, 0.207]",9583,574,9009,0.053117510590191284,0.03856092895257912,0.3202670796345447,0.004661993890539886,0.03425852266204915,-0.1546775218978802,-0.04953811822334243,32
TOTALAREA_MODE,"(0.207, inf]",11663,622,11041,0.06509761842295322,0.04178272980501393,0.4434048735844938,0.010337935240273927,0.03425852266204915,-0.1546775218978802,-0.06858476704349234,33
TOTALAREA_MODE,MISSING,88967,8183,80784,0.4762829828817701,0.5492834849145887,-0.1426024947654845,0.010410053709012749,0.03425852266204915,-0.1546775218978802,0.022057400506780577,27
DAYS_EMPLOYED_ANOMALY,"(-inf, 0.5]",151281,13098,138183,0.8147011570491561,0.8793005068304636,-0.07630534525641841,0.004929275688402801,0.03265088950309693,-0.025507669119965413,0.0019463714988854433,28
DAYS_EMPLOYED_ANOMALY,"(0.5, inf]",33225,1797,31428,0.18529589505490457,0.12066592823817675,0.4289281765114428,0.027721613814694124,0.03265088950309693,-0.025507669119965413,-0.010940958002684005,29
DAYS_EMPLOYED_ANOMALY,MISSING,0,0,0,2.947895939273344e-06,3.356493135971537e-05,-0.07630534525641841,0.0,0.03265088950309693,-0.025507669119965413,0.0019463714988854433,28
FLAG_EMP_PHONE,"(-inf, 0.5]",33233,1798,31435,0.18533716559805438,0.12073305810089618,0.4285947059497433,0.027688978455890124,0.032614622113351185,-0.022186064889474274,-0.009508829957486151,29
FLAG_EMP_PHONE,"(0.5, inf]",151273,13097,138176,0.8146598865060063,0.8792333769677441,-0.07627965628371434,0.004925643657461063,0.032614622113351185,-0.022186064889474274,0.0016923454040572805,28
FLAG_EMP_PHONE,MISSING,0,0,0,2.947895939273344e-06,3.356493135971537e-05,-0.07627965628371434,0.0,0.032614622113351185,-0.022186064889474274,0.0016923454040572805,28
