feature,details,dtype,missing_count,missing_rate,nunique,min,max,mean,median
CC_UTILIZATION_MAX,Maximum AMT_BALANCE / AMT_CREDIT_LIMIT_ACTUAL across credit-card records.,float64,132704,0.719239482726849,34282,0.0,4.216931,0.6316638458706983,0.952780375
CC_UTILIZATION_MEAN,Mean AMT_BALANCE / AMT_CREDIT_LIMIT_ACTUAL across credit-card records.,float64,132704,0.719239482726849,35684,-0.08484848484848484,2.1387896853932586,0.32644324019824233,0.25361361595441595
CC_AMT_BALANCE_MAX,Maximum AMT_BALANCE across credit-card monthly records.,float64,132186,0.7164319859516763,34549,0.0,1354829.265,145040.4345223624,97791.255
CC_AMT_BALANCE_MEAN,Mean AMT_BALANCE across credit-card monthly records.,float64,132186,0.7164319859516763,35857,-2930.232558139535,928686.3235714287,71604.54669755518,26836.32021034816
CC_ROW_CNT,Number of credit-card monthly records for SK_ID_CURR.,float64,132186,0.7164319859516763,126,1.0,192.0,37.160282874617735,21.0
CC_DPD_MAX,Maximum SK_DPD across credit-card monthly records.,float64,132186,0.7164319859516763,338,0.0,2800.0,17.62400611620795,0.0
CC_DPD_MEAN,Mean SK_DPD across credit-card monthly records.,float64,132186,0.7164319859516763,2614,0.0,1328.625,4.415416273477874,0.0
CC_PREV_CNT,Number of distinct previous credit-card contracts for SK_ID_CURR.,float64,132186,0.7164319859516763,4,1.0,4.0,1.0064220183486239,1.0
BB_STATUS_0_RATIO_MEAN,Mean per-bureau-credit share of months whose STATUS is 0.,float64,129293,0.7007522790586757,37885,0.0,1.0,0.45664277640685713,0.4357214868401915
BB_MONTHS_MIN_MEAN,"Mean, across bureau credits, of the earliest MONTHS_BALANCE value.",float64,129293,0.7007522790586757,4775,-96.0,0.0,-34.21980460067583,-33.05263157894737
BB_MONTHS_MAX_MAX,Latest MONTHS_BALANCE value across all linked bureau credits.,float64,129293,0.7007522790586757,89,-88.0,0.0,-0.909948743955228,0.0
BB_STATUS_DPD_RATIO_MEAN,Mean per-bureau-credit share of months whose STATUS is 1 through 5.,float64,129293,0.7007522790586757,9370,0.0,1.0,0.01803387186993858,0.0
BB_STATUS_C_RATIO_MEAN,Mean per-bureau-credit share of months whose STATUS is C (closed).,float64,129293,0.7007522790586757,31994,0.0,1.0,0.33099576071150266,0.30877567940943035
BB_MONTHS_MIN_MIN,Earliest MONTHS_BALANCE value across all linked bureau credits.,float64,129293,0.7007522790586757,97,-96.0,0.0,-56.56397949758209,-57.0
BB_MONTHS_SIZE_SUM,Total number of bureau-balance monthly records linked to SK_ID_CURR.,float64,129293,0.7007522790586757,1014,1.0,2657.0,159.29418796297972,110.0
COMMONAREA_MODE,"Normalized information about building where the client lives, What is average (_AVG suffix), modus (_MODE suffix), median (_MEDI suffix) apartment size, common area, living area, age of building, number of elevators, number of entrances, state of the building, number of floor",float64,128839,0.6982916544719413,2810,0.0,1.0,0.04242531302207772,0.019
COMMONAREA_AVG,"Normalized information about building where the client lives, What is average (_AVG suffix), modus (_MODE suffix), median (_MEDI suffix) apartment size, common area, living area, age of building, number of elevators, number of entrances, state of the building, number of floor",float64,128839,0.6982916544719413,2865,0.0,1.0,0.04453475308531087,0.0211
COMMONAREA_MEDI,"Normalized information about building where the client lives, What is average (_AVG suffix), modus (_MODE suffix), median (_MEDI suffix) apartment size, common area, living area, age of building, number of elevators, number of entrances, state of the building, number of floor",float64,128839,0.6982916544719413,2877,0.0,1.0,0.04449596709001743,0.0208
NONLIVINGAPARTMENTS_AVG,"Normalized information about building where the client lives, What is average (_AVG suffix), modus (_MODE suffix), median (_MEDI suffix) apartment size, common area, living area, age of building, number of elevators, number of entrances, state of the building, number of floor",float64,127994,0.6937118576089667,323,0.0,1.0,0.008708449532842583,0.0
NONLIVINGAPARTMENTS_MEDI,"Normalized information about building where the client lives, What is average (_AVG suffix), modus (_MODE suffix), median (_MEDI suffix) apartment size, common area, living area, age of building, number of elevators, number of entrances, state of the building, number of floor",float64,127994,0.6937118576089667,179,0.0,1.0,0.008547250141562854,0.0
NONLIVINGAPARTMENTS_MODE,"Normalized information about building where the client lives, What is average (_AVG suffix), modus (_MODE suffix), median (_MEDI suffix) apartment size, common area, living area, age of building, number of elevators, number of entrances, state of the building, number of floor",float64,127994,0.6937118576089667,141,0.0,1.0,0.007982839043035109,0.0
FONDKAPREMONT_MODE,"Normalized information about building where the client lives, What is average (_AVG suffix), modus (_MODE suffix), median (_MEDI suffix) apartment size, common area, living area, age of building, number of elevators, number of entrances, state of the building, number of floor",str,126059,0.6832243937866519,4,,,,
LIVINGAPARTMENTS_MODE,"Normalized information about building where the client lives, What is average (_AVG suffix), modus (_MODE suffix), median (_MEDI suffix) apartment size, common area, living area, age of building, number of elevators, number of entrances, state of the building, number of floor",float64,126018,0.6830021787909336,703,0.0,1.0,0.10532020072493502,0.0771
LIVINGAPARTMENTS_MEDI,"Normalized information about building where the client lives, What is average (_AVG suffix), modus (_MODE suffix), median (_MEDI suffix) apartment size, common area, living area, age of building, number of elevators, number of entrances, state of the building, number of floor",float64,126018,0.6830021787909336,1044,0.0,1.0,0.1017328648611681,0.0761
LIVINGAPARTMENTS_AVG,"Normalized information about building where the client lives, What is average (_AVG suffix), modus (_MODE suffix), median (_MEDI suffix) apartment size, common area, living area, age of building, number of elevators, number of entrances, state of the building, number of floor",float64,126018,0.6830021787909336,1708,0.0,1.0,0.10060114553412666,0.0756
FLOORSMIN_MEDI,"Normalized information about building where the client lives, What is average (_AVG suffix), modus (_MODE suffix), median (_MEDI suffix) apartment size, common area, living area, age of building, number of elevators, number of entrances, state of the building, number of floor",float64,125175,0.6784332216838477,47,0.0,1.0,0.2308165866073385,0.2083
FLOORSMIN_AVG,"Normalized information about building where the client lives, What is average (_AVG suffix), modus (_MODE suffix), median (_MEDI suffix) apartment size, common area, living area, age of building, number of elevators, number of entrances, state of the building, number of floor",float64,125175,0.6784332216838477,269,0.0,1.0,0.23108403869815103,0.2083
FLOORSMIN_MODE,"Normalized information about building where the client lives, What is average (_AVG suffix), modus (_MODE suffix), median (_MEDI suffix) apartment size, common area, living area, age of building, number of elevators, number of entrances, state of the building, number of floor",float64,125175,0.6784332216838477,25,0.0,1.0,0.22733634693499183,0.2083
YEARS_BUILD_AVG,"Normalized information about building where the client lives, What is average (_AVG suffix), modus (_MODE suffix), median (_MEDI suffix) apartment size, common area, living area, age of building, number of elevators, number of entrances, state of the building, number of floor",float64,122602,0.6644878757330385,146,0.0,1.0,0.7524347311966916,0.7552
YEARS_BUILD_MEDI,"Normalized information about building where the client lives, What is average (_AVG suffix), modus (_MODE suffix), median (_MEDI suffix) apartment size, common area, living area, age of building, number of elevators, number of entrances, state of the building, number of floor",float64,122602,0.6644878757330385,147,0.0,1.0,0.7557270063323857,0.7585
YEARS_BUILD_MODE,"Normalized information about building where the client lives, What is average (_AVG suffix), modus (_MODE suffix), median (_MEDI suffix) apartment size, common area, living area, age of building, number of elevators, number of entrances, state of the building, number of floor",float64,122602,0.6644878757330385,150,0.0,1.0,0.7595783551951409,0.7648
OWN_CAR_AGE,Age of client's car,float64,121853,0.6604283871527213,60,0.0,91.0,12.070323847222001,9.0
LANDAREA_MEDI,"Normalized information about building where the client lives, What is average (_AVG suffix), modus (_MODE suffix), median (_MEDI suffix) apartment size, common area, living area, age of building, number of elevators, number of entrances, state of the building, number of floor",float64,109328,0.5925444158997539,3313,0.0,1.0,0.06732649312298811,0.0487
LANDAREA_MODE,"Normalized information about building where the client lives, What is average (_AVG suffix), modus (_MODE suffix), median (_MEDI suffix) apartment size, common area, living area, age of building, number of elevators, number of entrances, state of the building, number of floor",float64,109328,0.5925444158997539,3317,0.0,1.0,0.06514982973742318,0.046
LANDAREA_AVG,"Normalized information about building where the client lives, What is average (_AVG suffix), modus (_MODE suffix), median (_MEDI suffix) apartment size, common area, living area, age of building, number of elevators, number of entrances, state of the building, number of floor",float64,109328,0.5925444158997539,3284,0.0,1.0,0.06647320492697331,0.0482
BASEMENTAREA_AVG,"Normalized information about building where the client lives, What is average (_AVG suffix), modus (_MODE suffix), median (_MEDI suffix) apartment size, common area, living area, age of building, number of elevators, number of entrances, state of the building, number of floor",float64,107775,0.5841273454521804,3548,0.0,1.0,0.08844302954477329,0.0762
BASEMENTAREA_MODE,"Normalized information about building where the client lives, What is average (_AVG suffix), modus (_MODE suffix), median (_MEDI suffix) apartment size, common area, living area, age of building, number of elevators, number of entrances, state of the building, number of floor",float64,107775,0.5841273454521804,3600,0.0,1.0,0.08759230428379663,0.0746
BASEMENTAREA_MEDI,"Normalized information about building where the client lives, What is average (_AVG suffix), modus (_MODE suffix), median (_MEDI suffix) apartment size, common area, living area, age of building, number of elevators, number of entrances, state of the building, number of floor",float64,107775,0.5841273454521804,3536,0.0,1.0,0.08797419817283758,0.0757
EXT_SOURCE_1,Normalized score from external data source,float64,104043,0.5639003609638711,73008,0.0145681324124455,0.9516239622079844,0.5011085866460012,0.5044290890714999
NONLIVINGAREA_MEDI,"Normalized information about building where the client lives, What is average (_AVG suffix), modus (_MODE suffix), median (_MEDI suffix) apartment size, common area, living area, age of building, number of elevators, number of entrances, state of the building, number of floor",float64,101618,0.5507571569488255,2962,0.0,1.0,0.028357290560756677,0.0031
NONLIVINGAREA_MODE,"Normalized information about building where the client lives, What is average (_AVG suffix), modus (_MODE suffix), median (_MEDI suffix) apartment size, common area, living area, age of building, number of elevators, number of entrances, state of the building, number of floor",float64,101618,0.5507571569488255,2979,0.0,1.0,0.027161513126146123,0.0011
NONLIVINGAREA_AVG,"Normalized information about building where the client lives, What is average (_AVG suffix), modus (_MODE suffix), median (_MEDI suffix) apartment size, common area, living area, age of building, number of elevators, number of entrances, state of the building, number of floor",float64,101618,0.5507571569488255,2928,0.0,1.0,0.02843619944986005,0.0036
ELEVATORS_MEDI,"Normalized information about building where the client lives, What is average (_AVG suffix), modus (_MODE suffix), median (_MEDI suffix) apartment size, common area, living area, age of building, number of elevators, number of entrances, state of the building, number of floor",float64,98206,0.5322645334027077,46,0.0,1.0,0.07775457705677868,0.0
ELEVATORS_MODE,"Normalized information about building where the client lives, What is average (_AVG suffix), modus (_MODE suffix), median (_MEDI suffix) apartment size, common area, living area, age of building, number of elevators, number of entrances, state of the building, number of floor",float64,98206,0.5322645334027077,26,0.0,1.0,0.07411840440324449,0.0
ELEVATORS_AVG,"Normalized information about building where the client lives, What is average (_AVG suffix), modus (_MODE suffix), median (_MEDI suffix) apartment size, common area, living area, age of building, number of elevators, number of entrances, state of the building, number of floor",float64,98206,0.5322645334027077,234,0.0,1.0,0.07861016917728852,0.0
WALLSMATERIAL_MODE,"Normalized information about building where the client lives, What is average (_AVG suffix), modus (_MODE suffix), median (_MEDI suffix) apartment size, common area, living area, age of building, number of elevators, number of entrances, state of the building, number of floor",str,93670,0.5076799670471421,7,,,,
APARTMENTS_AVG,"Normalized information about building where the client lives, What is average (_AVG suffix), modus (_MODE suffix), median (_MEDI suffix) apartment size, common area, living area, age of building, number of elevators, number of entrances, state of the building, number of floor",float64,93462,0.5065526324347176,2145,0.0,1.0,0.11732796779579105,0.0876
APARTMENTS_MEDI,"Normalized information about building where the client lives, What is average (_AVG suffix), modus (_MODE suffix), median (_MEDI suffix) apartment size, common area, living area, age of building, number of elevators, number of entrances, state of the building, number of floor",float64,93462,0.5065526324347176,1099,0.0,1.0,0.11773689424893458,0.0864
APARTMENTS_MODE,"Normalized information about building where the client lives, What is average (_AVG suffix), modus (_MODE suffix), median (_MEDI suffix) apartment size, common area, living area, age of building, number of elevators, number of entrances, state of the building, number of floor",float64,93462,0.5065526324347176,731,0.0,1.0,0.11411834497605554,0.084
ENTRANCES_AVG,"Normalized information about building where the client lives, What is average (_AVG suffix), modus (_MODE suffix), median (_MEDI suffix) apartment size, common area, living area, age of building, number of elevators, number of entrances, state of the building, number of floor",float64,92770,0.5028020768972282,259,0.0,1.0,0.14974234433592046,0.1379
ENTRANCES_MODE,"Normalized information about building where the client lives, What is average (_AVG suffix), modus (_MODE suffix), median (_MEDI suffix) apartment size, common area, living area, age of building, number of elevators, number of entrances, state of the building, number of floor",float64,92770,0.5028020768972282,30,0.0,1.0,0.14522806313769948,0.1379
ENTRANCES_MEDI,"Normalized information about building where the client lives, What is average (_AVG suffix), modus (_MODE suffix), median (_MEDI suffix) apartment size, common area, living area, age of building, number of elevators, number of entrances, state of the building, number of floor",float64,92770,0.5028020768972282,46,0.0,1.0,0.14924090978459928,0.1379
LIVINGAREA_MEDI,"Normalized information about building where the client lives, What is average (_AVG suffix), modus (_MODE suffix), median (_MEDI suffix) apartment size, common area, living area, age of building, number of elevators, number of entrances, state of the building, number of floor",float64,92534,0.501522985702362,4954,0.0,1.0,0.10842726916887749,0.0746
LIVINGAREA_AVG,"Normalized information about building where the client lives, What is average (_AVG suffix), modus (_MODE suffix), median (_MEDI suffix) apartment size, common area, living area, age of building, number of elevators, number of entrances, state of the building, number of floor",float64,92534,0.501522985702362,4880,0.0,1.0,0.10722953398860526,0.0741
LIVINGAREA_MODE,"Normalized information about building where the client lives, What is average (_AVG suffix), modus (_MODE suffix), median (_MEDI suffix) apartment size, common area, living area, age of building, number of elevators, number of entrances, state of the building, number of floor",float64,92534,0.501522985702362,4961,0.0,1.0,0.10586463271430434,0.073
HOUSETYPE_MODE,"Normalized information about building where the client lives, What is average (_AVG suffix), modus (_MODE suffix), median (_MEDI suffix) apartment size, common area, living area, age of building, number of elevators, number of entrances, state of the building, number of floor",str,92424,0.5009267991284836,3,,,,
FLOORSMAX_MODE,"Normalized information about building where the client lives, What is average (_AVG suffix), modus (_MODE suffix), median (_MEDI suffix) apartment size, common area, living area, age of building, number of elevators, number of entrances, state of the building, number of floor",float64,91673,0.49685647079227774,25,0.0,1.0,0.22202945073411395,0.1667
FLOORSMAX_MEDI,"Normalized information about building where the client lives, What is average (_AVG suffix), modus (_MODE suffix), median (_MEDI suffix) apartment size, common area, living area, age of building, number of elevators, number of entrances, state of the building, number of floor",float64,91673,0.49685647079227774,48,0.0,1.0,0.22562277099738237,0.1667
FLOORSMAX_AVG,"Normalized information about building where the client lives, What is average (_AVG suffix), modus (_MODE suffix), median (_MEDI suffix) apartment size, common area, living area, age of building, number of elevators, number of entrances, state of the building, number of floor",float64,91673,0.49685647079227774,353,0.0,1.0,0.22602058427498842,0.1667
YEARS_BEGINEXPLUATATION_AVG,"Normalized information about building where the client lives, What is average (_AVG suffix), modus (_MODE suffix), median (_MEDI suffix) apartment size, common area, living area, age of building, number of elevators, number of entrances, state of the building, number of floor",float64,89898,0.48723618744105884,254,0.0,1.0,0.9776003699475732,0.9816
YEARS_BEGINEXPLUATATION_MEDI,"Normalized information about building where the client lives, What is average (_AVG suffix), modus (_MODE suffix), median (_MEDI suffix) apartment size, common area, living area, age of building, number of elevators, number of entrances, state of the building, number of floor",float64,89898,0.48723618744105884,228,0.0,1.0,0.9776182225604599,0.9816
YEARS_BEGINEXPLUATATION_MODE,"Normalized information about building where the client lives, What is average (_AVG suffix), modus (_MODE suffix), median (_MEDI suffix) apartment size, common area, living area, age of building, number of elevators, number of entrances, state of the building, number of floor",float64,89898,0.48723618744105884,208,0.0,1.0,0.976951200744123,0.9816
TOTALAREA_MODE,"Normalized information about building where the client lives, What is average (_AVG suffix), modus (_MODE suffix), median (_MEDI suffix) apartment size, common area, living area, age of building, number of elevators, number of entrances, state of the building, number of floor",float64,88967,0.4821902810748702,4778,0.0,1.0,0.10241639749212364,0.0687
EMERGENCYSTATE_MODE,"Normalized information about building where the client lives, What is average (_AVG suffix), modus (_MODE suffix), median (_MEDI suffix) apartment size, common area, living area, age of building, number of elevators, number of entrances, state of the building, number of floor",str,87370,0.4735347359977453,2,,,,
OCCUPATION_TYPE,What kind of occupation does the client have,str,57892,0.31376757395423455,18,,,,
EXT_SOURCE_3,Normalized score from external data source,float64,36560,0.19815073764538824,796,0.0005272652387098,0.8960095494948396,0.510553519179955,0.5352762504724826
EMPLOYED_BIRTH_RATIO,Cleaned DAYS_EMPLOYED divided by DAYS_BIRTH.,float64,33225,0.18007544470098533,150316,0.0,0.7186120647376165,0.15697361839123605,0.11883885247297182
DAYS_EMPLOYED,How many days before the application the person started current employment,float64,33225,0.18007544470098533,11367,0.0,17583.0,2384.501279076685,1648.0
BUREAU_AMT_DEBT_SUM,Sum of AMT_CREDIT_SUM_DEBT across Credit Bureau credits for SK_ID_CURR.,float64,30825,0.16706773763454846,99326,-3112461.135,334498331.20500004,662065.9484127706,186393.915
BUREAU_AMT_DEBT_MEAN,Mean AMT_CREDIT_SUM_DEBT across Credit Bureau credits for SK_ID_CURR.,float64,30825,0.16706773763454846,105276,-1083614.67,43650000.0,161029.4963211774,44562.0
BUREAU_DAYS_CREDIT_MEAN,Mean DAYS_CREDIT across Credit Bureau credits for SK_ID_CURR.,float64,26378,0.14296554041602982,49374,-2922.0,-2.0,-1081.9626234470845,-1049.5
BUREAU_APP_CNT,Number of Credit Bureau credits linked to SK_ID_CURR.,float64,26378,0.14296554041602982,57,1.0,94.0,5.555259030658707,4.0
BUREAU_DAYS_CREDIT_MIN,Minimum DAYS_CREDIT across Credit Bureau credits for SK_ID_CURR.,float64,26378,0.14296554041602982,2921,-2922.0,-2.0,-1761.656012850349,-1825.0
BUREAU_CLOSED_RATIO,Share of Credit Bureau credits whose CREDIT_ACTIVE is Closed.,float64,26378,0.14296554041602982,269,0.0,1.0,0.5824301064720863,0.6153846153846154
BUREAU_ACTIVE_RATIO,Share of Credit Bureau credits whose CREDIT_ACTIVE is Active.,float64,26378,0.14296554041602982,268,0.0,1.0,0.41359395341162214,0.375
BUREAU_AMT_CREDIT_SUM_MAX,Maximum AMT_CREDIT_SUM across Credit Bureau credits for SK_ID_CURR.,float64,26378,0.14296554041602982,43771,0.0,170100000.0,977591.4729248458,450000.0
BUREAU_AMT_CREDIT_SUM_SUM,Sum of AMT_CREDIT_SUM across Credit Bureau credits for SK_ID_CURR.,float64,26378,0.14296554041602982,127857,0.0,471622517.46000004,1959713.9901679466,962525.25
BUREAU_AMT_CREDIT_SUM_MEAN,Mean AMT_CREDIT_SUM across Credit Bureau credits for SK_ID_CURR.,float64,26378,0.14296554041602982,129781,0.0,142290000.0,377835.4476420134,196168.809375
AMT_REQ_CREDIT_BUREAU_QRT,Number of enquiries to Credit Bureau about the client 3 month before application (excluding one month before application),float64,24878,0.1348357234995068,10,0.0,19.0,0.2638885408574937,0.0
AMT_REQ_CREDIT_BUREAU_YEAR,Number of enquiries to Credit Bureau about the client one day year (excluding last 3 months before application),float64,24878,0.1348357234995068,24,0.0,25.0,1.9014145388027164,1.0
AMT_REQ_CREDIT_BUREAU_DAY,Number of enquiries to Credit Bureau about the client one day before application (excluding one hour before application),float64,24878,0.1348357234995068,8,0.0,9.0,0.006903550755506553,0.0
AMT_REQ_CREDIT_BUREAU_WEEK,Number of enquiries to Credit Bureau about the client one week before application (excluding one day before application),float64,24878,0.1348357234995068,9,0.0,8.0,0.034085498784674366,0.0
AMT_REQ_CREDIT_BUREAU_MON,Number of enquiries to Credit Bureau about the client one month before application (excluding one week before application),float64,24878,0.1348357234995068,22,0.0,27.0,0.2647342571478688,0.0
AMT_REQ_CREDIT_BUREAU_HOUR,Number of enquiries to Credit Bureau about the client one hour before application,float64,24878,0.1348357234995068,5,0.0,4.0,0.006220713158092565,0.0
POS_DPD_MEAN,Mean SK_DPD across POS/cash-loan monthly records.,float64,10733,0.05817154997669453,7717,0.0,2346.603773584906,4.3669661383385066,0.0
POS_DPD_MAX,Maximum SK_DPD across POS/cash-loan monthly records.,float64,10733,0.05817154997669453,1466,0.0,4050.0,15.531342613639634,0.0
POS_ROW_CNT,Number of POS/cash-loan monthly records for SK_ID_CURR.,float64,10733,0.05817154997669453,220,1.0,295.0,29.5140959757845,22.0
POS_DPD_DEF_MEAN,Mean SK_DPD_DEF across POS/cash-loan monthly records.,float64,10733,0.05817154997669453,3606,0.0,1740.5544554455446,0.2302114273574678,0.0
POS_PREV_CNT,Number of distinct previous loans in POS/cash-loan monthly records.,float64,10733,0.05817154997669453,24,1.0,26.0,2.766292807283065,2.0
POS_DPD_DEF_MAX,Maximum SK_DPD_DEF across POS/cash-loan monthly records.,float64,10733,0.05817154997669453,158,0.0,3361.0,1.505561853682678,0.0
PREV_AMT_APPLICATION_MEAN,Mean requested AMT_APPLICATION across previous Home Credit applications.,float64,9783,0.05302266592956326,124958,0.0,4050000.0,154450.0932506498,106035.75
PREV_AMT_APPLICATION_MIN,Minimum requested AMT_APPLICATION across previous Home Credit applications.,float64,9783,0.05302266592956326,27248,0.0,4050000.0,44528.53320925122,18310.5
PREV_AMT_CREDIT_MAX,Maximum final AMT_CREDIT across previous Home Credit applications.,float64,9783,0.05302266592956326,45875,0.0,4509688.5,415275.21311224054,225000.0
PREV_AMT_APPLICATION_MAX,Maximum requested AMT_APPLICATION across previous Home Credit applications.,float64,9783,0.05302266592956326,35999,0.0,5850000.0,375875.97145413025,202500.0
PREV_APP_CNT,Number of previous Home Credit applications for SK_ID_CURR.,float64,9783,0.05302266592956326,61,1.0,68.0,4.867161163670495,4.0
PREV_APPROVED_RATIO,Share of previous Home Credit applications with status Approved.,float64,9783,0.05302266592956326,325,0.0,1.0,0.7482659769300238,0.8
PREV_AMT_CREDIT_MEAN,Mean final AMT_CREDIT across previous Home Credit applications.,float64,9783,0.05302266592956326,137789,0.0,4050000.0,170547.16206794255,117532.125
PREV_REFUSED_RATIO,Share of previous Home Credit applications with status Refused.,float64,9783,0.05302266592956326,346,0.0,1.0,0.11114576827285813,0.0
INS_PAYMENT_PERC_MIN,Minimum AMT_PAYMENT / AMT_INSTALMENT across installment records.,float64,9428,0.05109860925931948,71138,0.0,1.6004950864800846,0.5960079153712897,1.0
INS_PAYMENT_PERC_MEAN,Mean AMT_PAYMENT / AMT_INSTALMENT across installment records.,float64,9428,0.05109860925931948,29392,0.3333333333333333,8482.446154543808,1.3992984889750912,1.0
INS_PAYMENT_DIFF_SUM,Sum of AMT_INSTALMENT - AMT_PAYMENT across installment records.,float64,9427,0.05109318938137513,78943,-3524591.43,3037735.575,-6599.405894481919,0.0
INS_PAYMENT_DIFF_MEAN,Mean AMT_INSTALMENT - AMT_PAYMENT across installment records.,float64,9427,0.05109318938137513,83569,-337496.805,146145.9,-372.87176202514905,0.0
INS_DPD_MAX,"Maximum days past due, max(DAYS_ENTRY_PAYMENT - DAYS_INSTALMENT, 0).",float64,9424,0.051076929747542084,1342,0.0,2884.0,18.492706274774108,1.0
INS_PREV_CNT,Number of distinct previous loans represented in installment payments.,float64,9424,0.051076929747542084,24,1.0,26.0,2.927451137181435,2.0
INS_DPD_MEAN,"Mean days past due, max(DAYS_ENTRY_PAYMENT - DAYS_INSTALMENT, 0).",float64,9424,0.051076929747542084,17776,0.0,780.0,1.0459674772256564,0.038461538461538464
INS_DBD_MEAN,"Mean days before due, max(DAYS_INSTALMENT - DAYS_ENTRY_PAYMENT, 0).",float64,9424,0.051076929747542084,42632,0.0,295.0,12.263783534994927,10.117647058823529
INS_ROW_CNT,Number of installment-payment records for SK_ID_CURR.,float64,9424,0.051076929747542084,307,1.0,372.0,39.81172821877749,25.0
NAME_TYPE_SUITE,Who was accompanying client when he was applying for the loan,str,777,0.0042112451627589345,7,,,,
OBS_30_CNT_SOCIAL_CIRCLE,How many observation of client's social surroundings with observable 30 DPD (days past due) default,float64,622,0.0033711640813848874,30,0.0,348.0,1.422701268190816,0.0
DEF_60_CNT_SOCIAL_CIRCLE,How many observation of client's social surroundings defaulted on 60 (days past due) DPD,float64,622,0.0033711640813848874,9,0.0,24.0,0.09958995888712449,0.0
OBS_60_CNT_SOCIAL_CIRCLE,How many observation of client's social surroundings with observable 60 DPD (days past due) default,float64,622,0.0033711640813848874,30,0.0,344.0,1.4054131952752822,0.0
DEF_30_CNT_SOCIAL_CIRCLE,How many observation of client's social surroundings defaulted on 30 DPD (days past due),float64,622,0.0033711640813848874,10,0.0,34.0,0.1434871984511975,0.0
EXT_SOURCE_2,Normalized score from external data source,float64,413,0.0022384095910160102,94611,8.173616518884397e-08,0.8549996664047012,0.5146546390741636,0.5661870259499292
AMT_GOODS_PRICE,For consumer loans it is the price of the goods for which the loan is given,float64,161,0.0008726003490401396,778,45000.0,4050000.0,538687.5925818438,450000.0
CREDIT_GOODS_RATIO,AMT_CREDIT divided by AMT_GOODS_PRICE.,float64,161,0.0008726003490401396,2643,0.15,6.0,1.1228789490506104,1.1188
ANNUITY_INCOME_RATIO,AMT_ANNUITY divided by AMT_INCOME_TOTAL.,float64,7,3.793914561044085e-05,65542,0.00022388461538461538,1.4515714285714285,0.18088114794397375,0.1627
AMT_ANNUITY,Loan annuity,float64,7,3.793914561044085e-05,12411,1615.5,258025.5,27125.497631423477,24930.0
CODE_GENDER,Gender of the client,str,2,1.0839755888697386e-05,2,,,,
CNT_FAM_MEMBERS,How many family members does client have,float64,1,5.419877944348693e-06,12,1.0,20.0,2.152662529470746,2.0
NAME_FAMILY_STATUS,Family status of the client,str,1,5.419877944348693e-06,5,,,,
DAYS_LAST_PHONE_CHANGE,How many days before application did client change phone,float64,1,5.419877944348693e-06,3695,0.0,4292.0,966.2505352158478,761.0
FLAG_WORK_PHONE,"Did client provide home phone (1=YES, 0=NO)",int64,0,0.0,2,0.0,1.0,0.1989962386047066,0.0
FLAG_EMP_PHONE,"Did client provide work phone (1=YES, 0=NO)",int64,0,0.0,2,0.0,1.0,0.8198811962754599,1.0
FLAG_PHONE,"Did client provide home phone (1=YES, 0=NO)",int64,0,0.0,2,0.0,1.0,0.28037570593910227,0.0
FLAG_CONT_MOBILE,"Was mobile phone reachable (1=YES, 0=NO)",int64,0,0.0,2,0.0,1.0,0.9980922029635892,1.0
FLAG_EMAIL,"Did client provide email (1=YES, 0=NO)",int64,0,0.0,2,0.0,1.0,0.056626884762555146,0.0
REGION_RATING_CLIENT,"Our rating of the region where client lives (1,2,3)",int64,0,0.0,3,1.0,3.0,2.053082284586951,2.0
REGION_RATING_CLIENT_W_CITY,"Our rating of the region where client lives with taking city into account (1,2,3)",int64,0,0.0,3,1.0,3.0,2.03186888231277,2.0
WEEKDAY_APPR_PROCESS_START,On which day of the week did the client apply for the loan,str,0,0.0,7,,,,
DAYS_BIRTH,Client's age in days at the time of application,int64,0,0.0,17318,7673.0,25200.0,16029.736566832515,15736.0
DAYS_REGISTRATION,How many days before the application did client change his registration,float64,0,0.0,15068,0.0,24672.0,4995.403786326732,4514.0
FLAG_MOBIL,"Did client provide mobile phone (1=YES, 0=NO)",int64,0,0.0,2,0.0,1.0,0.9999945801220557,1.0
DAYS_ID_PUBLISH,How many days before the application did client change the identity document with which he applied for the loan,int64,0,0.0,6098,0.0,6551.0,2997.172845327523,3263.0
SK_ID_CURR,ID of loan in our sample,int64,0,0.0,184506,100002.0,456255.0,278550.417140906,278758.5
TARGET,"Target variable (1 - client with payment difficulties: he/she had late payment more than X days on at least one of the first Y installments of the loan in our sample, 0 - all other cases)",int8,0,0.0,2,0.0,1.0,0.08072908198107379,0.0
NAME_CONTRACT_TYPE,Identification if loan is cash or revolving,str,0,0.0,2,,,,
FLAG_OWN_CAR,Flag if the client owns a car,str,0,0.0,2,,,,
AMT_CREDIT,Credit amount of the loan,float64,0,0.0,4892,45000.0,4050000.0,599250.1211667913,514822.5
AMT_INCOME_TOTAL,Income of the client,float64,0,0.0,1724,26100.0,117000000.0,169222.76824956914,148500.0
CNT_CHILDREN,Number of children the client has,int64,0,0.0,12,0.0,19.0,0.4173685408604598,0.0
FLAG_OWN_REALTY,Flag if client owns a house or flat,str,0,0.0,2,,,,
NAME_INCOME_TYPE,"Clients income type (businessman, working, maternity leave,…)",str,0,0.0,8,,,,
NAME_EDUCATION_TYPE,Level of highest education the client achieved,str,0,0.0,5,,,,
NAME_HOUSING_TYPE,"What is the housing situation of the client (renting, living with parents, ...)",str,0,0.0,6,,,,
REGION_POPULATION_RELATIVE,Normalized population of region where client lives (higher number means the client lives in more populated region),float64,0,0.0,81,0.00029,0.072508,0.020854146081970223,0.01885
HOUR_APPR_PROCESS_START,Approximately at what hour did the client apply for the loan,int64,0,0.0,24,0.0,23.0,12.0584533836298,12.0
REG_REGION_NOT_LIVE_REGION,"Flag if client's permanent address does not match contact address (1=different, 0=same, at region level)",int64,0,0.0,2,0.0,1.0,0.015251536535397223,0.0
REG_REGION_NOT_WORK_REGION,"Flag if client's permanent address does not match work address (1=different, 0=same, at region level)",int64,0,0.0,2,0.0,1.0,0.05134792364475952,0.0
LIVE_REGION_NOT_WORK_REGION,"Flag if client's contact address does not match work address (1=different, 0=same, at region level)",int64,0,0.0,2,0.0,1.0,0.04109893445199614,0.0
REG_CITY_NOT_LIVE_CITY,"Flag if client's permanent address does not match contact address (1=different, 0=same, at city level)",int64,0,0.0,2,0.0,1.0,0.07789990569412376,0.0
REG_CITY_NOT_WORK_CITY,"Flag if client's permanent address does not match work address (1=different, 0=same, at city level)",int64,0,0.0,2,0.0,1.0,0.23008465849349072,0.0
LIVE_CITY_NOT_WORK_CITY,"Flag if client's contact address does not match work address (1=different, 0=same, at city level)",int64,0,0.0,2,0.0,1.0,0.17966895385515919,0.0
ORGANIZATION_TYPE,Type of organization where client works,str,0,0.0,58,,,,
FLAG_DOCUMENT_18,Did client provide document 18,int64,0,0.0,2,0.0,1.0,0.008059358503246506,0.0
FLAG_DOCUMENT_9,Did client provide document 9,int64,0,0.0,2,0.0,1.0,0.0038047543169327826,0.0
FLAG_DOCUMENT_8,Did client provide document 8,int64,0,0.0,2,0.0,1.0,0.08167214074339046,0.0
FLAG_DOCUMENT_7,Did client provide document 7,int64,0,0.0,2,0.0,1.0,0.0001571764603861121,0.0
FLAG_DOCUMENT_6,Did client provide document 6,int64,0,0.0,2,0.0,1.0,0.0879320997691132,0.0
FLAG_DOCUMENT_5,Did client provide document 5,int64,0,0.0,2,0.0,1.0,0.015051001051456321,0.0
FLAG_DOCUMENT_4,Did client provide document 4,int64,0,0.0,2,0.0,1.0,9.213792505392779e-05,0.0
FLAG_DOCUMENT_3,Did client provide document 3,int64,0,0.0,2,0.0,1.0,0.7100582094891223,1.0
FLAG_DOCUMENT_2,Did client provide document 2,int64,0,0.0,2,0.0,1.0,5.419877944348693e-05,0.0
FLAG_DOCUMENT_17,Did client provide document 17,int64,0,0.0,2,0.0,1.0,0.00027099389721743465,0.0
FLAG_DOCUMENT_16,Did client provide document 16,int64,0,0.0,2,0.0,1.0,0.010010514563212036,0.0
FLAG_DOCUMENT_15,Did client provide document 15,int64,0,0.0,2,0.0,1.0,0.0011164948565358308,0.0
FLAG_DOCUMENT_14,Did client provide document 14,int64,0,0.0,2,0.0,1.0,0.0030188720150022223,0.0
FLAG_DOCUMENT_13,Did client provide document 13,int64,0,0.0,2,0.0,1.0,0.0033440646916631438,0.0
FLAG_DOCUMENT_12,Did client provide document 12,int64,0,0.0,2,0.0,1.0,5.419877944348693e-06,0.0
FLAG_DOCUMENT_11,Did client provide document 11,int64,0,0.0,2,0.0,1.0,0.0037776549272110394,0.0
FLAG_DOCUMENT_10,Did client provide document 10,int64,0,0.0,2,0.0,1.0,1.0839755888697386e-05,0.0
NAME_FAMILY_STATUS_ANOMALY,Flag equal to 1 when NAME_FAMILY_STATUS was Unknown before cleaning; 0 otherwise.,int8,0,0.0,2,0.0,1.0,5.419877944348693e-06,0.0
FLAG_DOCUMENT_21,Did client provide document 21,int64,0,0.0,2,0.0,1.0,0.000336032432549619,0.0
FLAG_DOCUMENT_20,Did client provide document 20,int64,0,0.0,2,0.0,1.0,0.0005094685267687772,0.0
DAYS_EMPLOYED_ANOMALY,Flag equal to 1 when DAYS_EMPLOYED contained the 365243 sentinel before cleaning; 0 otherwise.,int8,0,0.0,2,0.0,1.0,0.18007544470098533,0.0
CODE_GENDER_ANOMALY,Flag equal to 1 when CODE_GENDER was XNA before cleaning; 0 otherwise.,int8,0,0.0,2,0.0,1.0,1.0839755888697386e-05,0.0
CREDIT_INCOME_RATIO,AMT_CREDIT divided by AMT_INCOME_TOTAL.,float64,0,0.0,35778,0.004807615384615385,49.2272,3.9569011002445773,3.2610240384615383
FLAG_DOCUMENT_19,Did client provide document 19,int64,0,0.0,2,0.0,1.0,0.0006070263297670536,0.0
