model,level,protocol,split,n,bad_rate,auc,gini,ks
lightgbm,A,out_of_time,train,1129770,0.031254149074590405,0.7721152329981074,0.5442304659962147,0.3966104007468152
lightgbm,A,out_of_time,valid,193544,0.04254846443186046,0.7443717376463737,0.4887434752927473,0.3613174559358465
lightgbm,A,out_of_time,test,203345,0.021879072512232905,0.7495566700359506,0.4991133400719012,0.3672630924501405
lightgbm,B,out_of_time,train,1129770,0.031254149074590405,0.8264716394734307,0.6529432789468614,0.49313001910867355
lightgbm,B,out_of_time,valid,193544,0.04254846443186046,0.7976088819801966,0.5952177639603933,0.4499884177438964
lightgbm,B,out_of_time,test,203345,0.021879072512232905,0.807446731717679,0.614893463435358,0.4673257643147694
lightgbm,C,out_of_time,train,1129770,0.031254149074590405,0.8417789946915935,0.6835579893831869,0.5217492544633262
lightgbm,C,out_of_time,valid,193544,0.04254846443186046,0.8150709291505405,0.6301418583010809,0.48008813241892706
lightgbm,C,out_of_time,test,203345,0.021879072512232905,0.8309828632337759,0.6619657264675518,0.5082610414975042
